unidad,jugadores,nacimientos,pct_jugadores,pct_nacimientos,esperado,obs_sobre_esp,residuo_estand,tasa,tasa_ic_lo,tasa_ic_hi,departamento,provincia,region,reportable
06505,6.0,3681.446236605573,0.11133791055854518,0.016007982743414674,0.8626701900426168,6.955149336623761,5.53158787390087,162.97942749619557,59.81057747351697,354.73759993192226,Magdalena,Buenos Aires,Pampeana,False
50007,87.0,84393.05329540597,1.6143997030989052,0.3669651691185827,19.775752963800418,4.3993267998065,15.144598101131393,103.08905366353883,82.57010596820413,127.15996683623435,Capital,Mendoza,Cuyo,True
22039,2.0,2012.0058032571746,0.037112636852848394,0.008748777547784622,0.47147162205011334,4.242036861738027,2.226202805922753,99.40329181766083,12.03819979802543,359.0788682631101,2 de Abril,Chaco,NEA,False
06568,62.0,66612.6645325784,1.1504917424383003,0.28965094579612405,15.609289468953127,3.971993736378455,11.75897152680582,93.07539404864599,71.3603709140392,119.318454581372,Morón,Buenos Aires,AMBA,True
06168,4.0,4494.458809909903,0.07422527370569679,0.019543194289960274,1.0531827402859593,3.798011348831945,2.8717311558613563,88.99847944273819,24.249090262508666,227.87145479722398,Castelli,Buenos Aires,Pampeana,False
30008,11.0,12592.164004938337,0.20411950269066617,0.05475433596964869,2.950711165404368,3.7279148596343723,4.687195754574299,87.35591432644992,43.60775769028535,156.30386092162667,Colón,Entre Ríos,Pampeana,False
82021,78.0,91231.587884179,1.4473928372610874,0.3967010763277721,21.378221003303636,3.6485730027744796,12.270460669497202,85.49670328989903,67.58159606220381,106.70375503543262,Castellanos,Santa Fe,Pampeana,True
06161,6.0,8037.627450630581,0.11133791055854518,0.03494990643848851,1.8834504579701459,3.1856425926203493,3.0000752762435052,74.64889405304893,27.39482847414264,162.47921544925703,Carmen de Areco,Buenos Aires,Pampeana,False
82014,35.0,47237.2656510502,0.6494711449248469,0.20540116160580565,11.069068598936866,3.161964323119435,7.200299210481145,74.09404316192011,51.609215873353094,103.04687771020647,Caseros,Santa Fe,Pampeana,True
82063,195.0,280121.7250749555,3.6184820931527186,1.2180494981749392,65.64068745664748,2.9707184302234513,16.064689648415083,69.6125942919356,60.18444204405534,80.09876069812918,La Capital,Santa Fe,Pampeana,True
74042,5.0,7329.985948886045,0.09278159213212099,0.031872878493379816,1.7176294220082384,2.910988794168442,2.504909834698237,68.21295477053215,22.148560739944475,159.18628167487736,Gobernador Dupuy,San Luis,Cuyo,False
06778,7.0,10271.2532536122,0.12989422898496938,0.044662351225498,2.4068541075420873,2.9083607427907197,2.9612996945266135,68.15137186436559,27.40038612649445,140.41787312205744,San Vicente,Buenos Aires,Pampeana,False
14063,42.0,62355.82664450501,0.7793653739098163,0.2711409953380065,14.61178823876517,2.874391505933115,7.174663998676707,67.35537360356872,48.54382879894862,91.0448980207587,Marcos Juárez,Córdoba,Pampeana,True
06511,4.0,6178.39723182795,0.07422527370569679,0.0268654408926682,1.4477786097058893,2.762853362512784,2.121414884542342,64.74170970092439,17.63993690810126,165.76449022481518,Maipú,Buenos Aires,Pampeana,False
06693,4.0,6252.301258697192,0.07422527370569679,0.027186796770428488,1.465096477958391,2.7301956288735276,2.094533766192165,63.97644378437213,17.43142770208458,163.80510553865668,Roque Pérez,Buenos Aires,Pampeana,False
02000,962.0,1528013.0,17.85117832622008,6.644238205218683,358.05799687923485,2.6867155834658307,33.03299735866715,62.95757954938865,59.04152239665712,67.06511117783597,Ciudad Autónoma de Buenos Aires,Ciudad Autónoma de Buenos Aires,AMBA,True
30015,23.0,36775.11293105614,0.42679532380775653,0.15990872481958912,8.617481180527657,2.668993354110428,4.903343228827951,62.542296044390326,39.64645075156799,93.84415204797008,Concordia,Entre Ríos,Pampeana,False
82084,389.0,667934.458915916,7.218407867879013,2.904370349277917,156.51651812258694,2.485360680559781,18.858718206212767,58.239247100885066,52.59485495186203,64.32434449842641,Rosario,Santa Fe,Pampeana,True
06686,8.0,13950.788650352264,0.14845054741139357,0.060662025089840005,3.269076532091478,2.4471742773430236,2.617370145697686,57.34442833665892,24.757253968300148,112.99138432432123,Rojas,Buenos Aires,Pampeana,False
82119,47.0,82180.61391383225,0.8721469660419373,0.3573448489604541,19.25731391047887,2.4406311398613565,6.333270056554781,57.19110354819239,42.02187173154372,76.0520436196538,San Lorenzo,Santa Fe,Pampeana,True
06714,10.0,17521.681517424608,0.18556318426424198,0.07618929011582141,4.105840844341617,2.4355547083081173,2.909955242651824,57.072147955979005,27.36831331720995,104.95771209931712,Salto,Buenos Aires,Pampeana,False
06574,5.0,8923.135052542679,0.09278159213212099,0.03880034713476265,2.0909507070923596,2.39125675370555,2.012164363609563,56.03411772385124,18.194125501393177,130.7649386747513,Navarro,Buenos Aires,Pampeana,False
14140,63.0,115305.57305342238,1.1690480608647245,0.5013816595514455,27.019457633227397,2.331653020396873,6.939383146156756,54.63742847087832,41.98490022078804,69.90500558853783,San Justo,Córdoba,Pampeana,True
06270,15.0,27663.87080039714,0.27834477639636296,0.12029043422813303,6.482451500554089,2.3139394099158124,3.3473902099949036,54.222346931235165,30.34783596756383,89.43151538695979,Ezeiza,Buenos Aires,AMBA,False
06623,31.0,59157.12991194265,0.5752458712191502,0.25723214571604713,13.862240332637779,2.236290762252364,4.608893028116171,52.40281272290344,35.605168828330285,74.38160973790858,Pergamino,Buenos Aires,Pampeana,True
06134,5.0,9563.980454490662,0.09278159213212099,0.041586926505004604,2.241119469354698,2.2310278717268415,1.843277465621929,52.279487853326856,16.975007402447492,122.00288504190674,Cañuelas,Buenos Aires,Pampeana,False
86154,2.0,3830.8247439678353,0.037112636852848394,0.016657523281129263,0.897673929620056,2.227980488245334,1.1635550806585535,52.20807877335755,6.322640546930715,188.59353143471867,Rivadavia,Santiago del Estero,NOA,False
06392,9.0,17239.28467469454,0.16700686583781776,0.07496134775440157,4.039667030484701,2.227906392304846,2.4688851229926954,52.20634248943667,23.87206415483857,99.10390003883319,General Villegas,Buenos Aires,Pampeana,False
06448,3.0,5809.938234171329,0.05566895527927259,0.025263275630143144,1.361437923708414,2.203552543790109,1.4044906183068584,51.63566081228555,10.648514630617973,150.9013128259667,Laprida,Buenos Aires,Pampeana,False
06791,33.0,64239.69908647082,0.6123585080719985,0.2793326123286131,15.053234478388964,2.192219887850425,4.632108113107275,51.37010364195488,35.360815657235655,72.14272471417853,Tandil,Buenos Aires,Pampeana,True
82070,28.0,54652.32548844681,0.5195769159398775,0.23764396573483676,12.806633313450353,2.186366964266291,4.250628830817182,51.23295257750567,34.04392491915223,74.045881088487,Las Colonias,Santa Fe,Pampeana,False
82126,18.0,35597.505628074425,0.33401373167563553,0.15478815095456597,8.34153345494156,2.157876617918103,3.346737195579425,50.56534069568086,29.968225560124985,79.91503833092254,San Martín,Santa Fe,Pampeana,False
06112,12.0,24769.94555299484,0.22267582111709036,0.10770681832183032,5.804320439363437,2.067425485095383,2.5730443159541148,48.44580693294712,25.03265538253285,84.625075187711,Bragado,Buenos Aires,Pampeana,False
06469,12.0,24993.33258156752,0.22267582111709036,0.10867816910863182,5.856666533264168,2.048947115538076,2.5398903115920204,48.01280485840432,24.808916892079925,83.86870770341385,Lincoln,Buenos Aires,Pampeana,False
42105,15.0,31640.501254723487,0.27834477639636296,0.13758196250221918,7.414291959244593,2.0231196832351714,2.7877912000197993,47.40759281669315,26.53366982146023,78.19161483035126,Maracó,La Pampa,Pampeana,False
14084,10.0,21914.378156045772,0.18556318426424198,0.09528999333645007,5.135177740901294,1.9473522640415681,2.147811956475455,45.63214127634822,21.88238544569185,83.91913250316993,Presidente Roque Sáenz Peña,Córdoba,Pampeana,False
06322,3.0,6575.887881632739,0.05566895527927259,0.028593844094506257,1.5409222582529425,1.9468860183779302,1.1755745290278254,45.62121578105624,9.408191472114794,133.32455217538595,General La Madrid,Buenos Aires,Pampeana,False
06644,4.0,8783.36410566933,0.07422527370569679,0.038192583022025724,2.0581982990569663,1.943447335386846,1.3537679237351596,45.54063741269875,12.40829095224298,116.60211909914032,Pinamar,Buenos Aires,Pampeana,False
06441,155.0,342734.2018897365,2.8762293560957506,1.490306481967706,80.31261631323969,1.9299582944161657,8.396839951082175,45.22454985390287,38.38518345540069,52.93107792577967,La Plata,Buenos Aires,AMBA,True
30113,5.0,11145.953871888652,0.09278159213212099,0.04846580006139195,2.6118219653084123,1.9143724443750836,1.4780876294650587,44.85932794509908,14.565701677745464,104.68670706373112,Villaguay,Entre Ríos,Pampeana,False
82028,22.0,49190.62183698002,0.40823900538133234,0.213894913817963,11.526796905650025,1.9085961329999996,3.0880915648120837,44.72397212807964,28.028275222706675,67.71263127656802,Constitución,Santa Fe,Pampeana,False
06413,23.0,52611.46165255629,0.42679532380775653,0.2287697051951208,12.32839941296506,1.8656111981424157,3.0428010005479704,43.71670977683715,27.712643935518315,65.59652936986251,Junín,Buenos Aires,Pampeana,False
06847,2.0,4680.825602835436,0.037112636852848394,0.020353570488160097,1.096853913606948,1.8233968764565032,0.8624378564193166,42.7275051390184,5.174499096852603,154.34643972523918,Tres Lomas,Buenos Aires,Pampeana,False
06679,4.0,9363.12373434594,0.07422527370569679,0.040713543952787784,2.1940528836157336,1.8231101127371732,1.2194665986331699,42.720785428981834,11.639976193291838,109.38217806345287,Rivadavia,Buenos Aires,Pampeana,False
06277,2.0,4776.077158197423,0.037112636852848394,0.02076775153455343,1.1191741301970846,1.787032014086855,0.8326957176872027,41.87537038775219,5.071301625189389,151.2682360108832,Florentino Ameghino,Buenos Aires,Pampeana,False
42133,4.0,9589.677171673044,0.07422527370569679,0.04169866319183376,2.247140959407921,1.7800396469360444,1.1695597165717422,41.71151883835677,11.364985015821798,106.79805474220063,Realicó,La Pampa,Pampeana,False
06700,5.0,11997.527904143119,0.09278159213212099,0.05216868787692575,2.8113705896875287,1.778491963436143,1.305649162978671,41.67525210150455,13.531840918309353,97.25613620196901,Saavedra,Buenos Aires,Pampeana,False
14056,14.0,33637.18296642243,0.25978845796993877,0.14626410651050417,7.88217269985107,1.776160017435868,2.1806807058733804,41.62060780766092,22.754373586934914,69.83230773303332,Juárez Celman,Córdoba,Pampeana,False
06329,3.0,7219.204428295585,0.05566895527927259,0.03139116870979856,1.6916700817710442,1.7733954346814707,1.0060686453223855,41.55582557326589,8.569810275363912,121.44375681313446,General Las Heras,Buenos Aires,Pampeana,False
82042,44.0,107050.90130693032,0.8164780107626647,0.4654879823447844,25.08514736856043,1.7540259721633455,3.7853652227469325,41.10194259256695,29.864734409363273,55.177439478955385,General López,Santa Fe,Pampeana,True
06763,34.0,82784.70722511281,0.6309148264984227,0.3599716197132732,19.39887058634829,1.7526793556696578,3.321095055760047,41.07038744190433,28.442437225204774,57.391749862697345,San Nicolás,Buenos Aires,Pampeana,True
06154,3.0,7339.425245040444,0.05566895527927259,0.03191392325683368,1.7198413243107673,1.7443469682892176,0.9763126693655382,40.87513531154534,8.42943557894624,119.45449101299499,Carlos Tejedor,Buenos Aires,Pampeana,False
14042,28.0,69323.75912920761,0.5195769159398775,0.30143956166319175,16.244577978029405,1.723652041799403,2.9210538589271047,40.39019284544682,26.838989820473405,58.37507436352832,General San Martín,Córdoba,Pampeana,False
06105,8.0,20072.596230644343,0.14845054741139357,0.08728139796819509,4.703594536506032,1.700826875681898,1.520601093847527,39.85533265391248,17.206703791887275,78.53089375717147,Bolívar,Buenos Aires,Pampeana,False
06035,83.0,208449.87774501677,1.5401744293932085,0.9063997764329257,48.845883951970364,1.6992219872940166,4.909149515765626,39.81772543974745,31.71459605203991,49.36006147392706,Avellaneda,Buenos Aires,AMBA,True
06798,2.0,5049.4702815241235,0.037112636852848394,0.021956543144998713,1.1832381100839808,1.6902768622437703,0.750943174251371,39.60811507927765,4.796726488919092,143.07813027752434,Tapalqué,Buenos Aires,Pampeana,False
06638,21.0,53031.770849107736,0.38968268695490815,0.2305973299743157,12.426890112315872,1.6898837770511552,2.434772990590918,39.59890394712951,24.51234566739893,60.53113109550914,Pilar,Buenos Aires,AMBA,False
06070,7.0,17835.602535489383,0.12989422898496938,0.07755430862132309,4.179401691603101,1.6748808840422793,1.3802337934674314,39.2473424212687,15.779467197252414,80.86452550736122,Baradero,Buenos Aires,Pampeana,False
06063,10.0,25486.0057253636,0.18556318426424198,0.1108204530582416,5.97211421530864,1.6744488868559253,1.6491261248679059,39.23721946765487,18.81577187028596,72.15864361089642,Balcarce,Buenos Aires,Pampeana,False
26007,15.0,38769.02982784574,0.27834477639636296,0.1685788466206998,9.084714044389512,1.6511251676945866,1.9642035262903426,38.69067672471467,21.654878056178106,63.8143873636896,Biedma,Chubut,Patagonia,False
42077,2.0,5198.834167793078,0.037112636852848394,0.022606020106011565,1.2182384235129633,1.6417147591131762,0.708365283266855,38.470163414521956,4.658915263049902,138.9674575981111,Hucal,La Pampa,Pampeana,False
06609,9.0,23475.271531678816,0.16700686583781776,0.10207720483311522,5.5009405684565795,1.6360838456622637,1.492638411784292,38.33821469479025,17.530673039606057,72.7778736376446,Pehuajó,Buenos Aires,Pampeana,False
06721,2.0,5217.563603233803,0.037112636852848394,0.022687461056132695,1.222627276314991,1.6358215122011812,0.7031233629643086,38.33206745693366,4.642191201921252,138.46860751723577,Salliqueló,Buenos Aires,Pampeana,False
06553,1.0,2678.842390779549,0.018556318426424197,0.011648374037771168,0.6277308768954882,1.5930393689499702,0.4698893114184661,37.32955710429078,0.9451025589050187,207.9869801267979,Monte Hermoso,Buenos Aires,Pampeana,False
14119,20.0,56123.426434467874,0.37112636852848396,0.24404073402757148,13.15135515674583,1.5207558279453233,1.89081904258559,35.63574298756129,21.76723760739819,55.03651481211896,Río Segundo,Córdoba,Pampeana,False
06287,2.0,5622.7800292595375,0.037112636852848394,0.024449458145936482,1.317581299484517,1.517932897789661,0.5945868583283699,35.569593503436046,4.307642790284676,128.48960176511434,General Alvear,Buenos Aires,Pampeana,False
14182,22.0,61969.77316466837,0.40823900538133234,0.26946232422723176,14.52132465260552,1.5150133012178475,1.965203292022004,35.50117884333833,22.248399773214487,53.74921140766045,Unión,Córdoba,Pampeana,False
06665,6.0,17135.42135656386,0.11133791055854518,0.07450972029675254,4.015328826791995,1.4942736345689618,0.9908088098583422,35.01518798486768,12.849956868130342,76.21332298033131,Ramallo,Buenos Aires,Pampeana,False
06672,3.0,8663.592998277445,0.05566895527927259,0.03767178394007124,2.0301324365304394,1.477736105299167,0.6808196287824709,34.62766545700474,7.141057099734603,101.19673294308139,Rauch,Buenos Aires,Pampeana,False
78007,2.0,5821.554513400225,0.037112636852848394,0.02531378653957593,1.364159956617747,1.466103729476662,0.5444652940102719,34.35508497595172,4.16056017317094,124.10237937468354,Corpen Aike,Santa Cruz,Patagonia,False
06532,12.0,35123.49719672842,0.22267582111709036,0.1527270265209748,8.230459459215332,1.4579987981793723,1.3149470782981088,34.165162804795365,17.653638172738027,59.67966381812751,Mercedes,Buenos Aires,Pampeana,False
14126,6.0,17624.494400107393,0.11133791055854518,0.07663634997925821,4.129932900382225,1.4528081072321297,0.9205601468397898,34.043529781844065,12.493375432531183,74.09843213680563,San Alberto,Córdoba,Pampeana,False
82056,13.0,38783.4719661269,0.24123213954351458,0.16864164517472566,9.088098258465966,1.4304422806927648,1.2987272127891891,33.519433255883,17.84768650173807,57.31925171004463,Iriondo,Santa Fe,Pampeana,False
06343,2.0,5970.366577978306,0.037112636852848394,0.025960864021814075,1.3990309621355606,1.4295609276202765,0.5081533759419032,33.49878058370819,4.056857738641273,121.0091134834537,General Paz,Buenos Aires,Pampeana,False
06274,26.0,78426.47359735111,0.48246427908702916,0.34102077153538257,18.377609378041768,1.4147650798947626,1.7811007058854569,33.15207073250092,21.656033271104498,48.575464808877626,Florencio Varela,Buenos Aires,AMBA,False
82007,8.0,24292.294123967935,0.14845054741139357,0.1056298530908291,5.692392783064781,1.405384397190667,0.967707155543548,32.932253986282916,14.217809808834758,64.8896688791554,Belgrano,Santa Fe,Pampeana,False
14070,1.0,3042.7682794326597,0.018556318426424197,0.013230828043893602,0.7130093232854262,1.4025062048167467,0.339898240338903,32.86480954726054,0.8320649375577998,183.1109989084598,Minas,Córdoba,Pampeana,False
06294,3.0,9196.702076244432,0.05566895527927259,0.03998989491385037,2.1550554369073964,1.3920755580678417,0.5756862370063899,32.620389082181525,6.727108454384581,95.33061957490885,General Arenales,Buenos Aires,Pampeana,False
50014,10.0,30704.559675201297,0.18556318426424198,0.1335122204250811,7.194973558707619,1.3898591729913499,1.0464355134751788,32.568452717713306,15.617839001304601,59.89454412163692,General Alvear,Mendoza,Cuyo,False
06119,4.0,12348.275189764037,0.07422527370569679,0.053693837542209515,2.893560905149671,1.3823797497682524,0.6506206222521576,32.39318802447612,8.826053492310866,82.93942690792429,Brandsen,Buenos Aires,Pampeana,False
42021,18.0,56006.674571566706,0.33401373167563553,0.24353306348548945,13.12399679123303,1.3715334045208083,1.347598116432129,32.13902653155948,19.04762398768699,50.79351788897363,Capital,La Pampa,Pampeana,False
14105,8.0,24897.343529361933,0.14845054741139357,0.10826078121471527,5.834173499661006,1.3712310750554195,0.8971585612800956,32.13194207070903,13.872291928154219,63.312735359109574,Río Primero,Córdoba,Pampeana,False
06410,11.0,34236.26147916679,0.20411950269066617,0.14886907148285825,8.02255426221123,1.371134384445797,1.0519885908831705,32.129676327812966,16.039018660312205,57.48886608217644,Ituzaingó,Buenos Aires,AMBA,False
06770,10.0,31413.99954881701,0.18556318426424198,0.13659706820620796,7.3612160056325475,1.3584712080651276,0.9732532885717188,31.83294118426439,15.265132631967004,58.54191222432332,San Pedro,Buenos Aires,Pampeana,False
06077,5.0,15715.591547281298,0.09278159213212099,0.06833589359256642,3.682621305703404,1.357728526757917,0.6867213424222957,31.81553799586354,10.330418586115993,74.24685252360877,Arrecifes,Buenos Aires,Pampeana,False
30084,66.0,207687.8059376342,1.224717016143997,0.9030860699279867,48.66730830841921,1.3561465035571387,2.4958431195832587,31.778466579698424,24.577463750553182,40.430001204654886,Paraná,Entre Ríos,Pampeana,True
30098,20.0,63535.16903831571,0.37112636852848396,0.2762691138749503,14.88814254672107,1.3433509208578038,1.3266587220650075,31.478628770057636,19.227964244553462,48.616189065377256,Uruguay,Entre Ríos,Pampeana,False
06826,7.0,22789.609307770934,0.12989422898496938,0.09909574908374401,5.340269918122965,1.310795167158968,0.7185734248657202,30.715752540843688,12.349325578653994,63.28618962671049,Trenque Lauquen,Buenos Aires,Pampeana,False
06357,103.0,335499.8175140467,1.9113007979216923,1.4588493064985215,78.61738912720531,1.310142719613124,2.7702061214286777,30.700463792558576,25.058713583740907,37.23324095155465,General Pueyrredón,Buenos Aires,Pampeana,True
82133,9.0,29487.689977112423,0.16700686583781776,0.12822092241988411,6.909825509207556,1.3024930930610654,0.795660154504554,30.521210739076427,13.95624106388998,57.938765175162736,Vera,Santa Fe,Pampeana,False
42007,2.0,6562.849901113742,0.037112636852848394,0.02853715122063463,1.53786707928,1.3005025121783358,0.37270865980203854,30.474565625226198,3.690611277013378,110.08460922590811,Atreucó,La Pampa,Pampeana,False
82112,7.0,23160.52143849025,0.12989422898496938,0.10070858127149657,5.4271854447209495,1.2898029874414805,0.6754745411052848,30.223844564944756,12.15155305978001,62.27267119182157,San Justo,Santa Fe,Pampeana,False
06126,14.0,46813.80459478555,0.25978845796993877,0.20355983163776492,10.969839326959152,1.2762265319232176,0.9158155201618038,29.90570862843183,16.34972919324131,50.17669750441948,Campana,Buenos Aires,Pampeana,False
14014,230.0,769651.8263477429,4.267953238077565,3.34666659860617,180.35186299888647,1.2752848580301057,3.760401540208963,29.88364246355751,26.146090076357535,34.00556171531497,Capital,Córdoba,Pampeana,True
06175,4.0,13477.226563201428,0.07422527370569679,0.05860284148865946,3.1581071278238584,1.2665814800133968,0.4738825267329679,29.67969694092481,8.08671849890928,75.9918120198973,Colón,Buenos Aires,Pampeana,False
06412,15.0,50960.5460866325,0.27834477639636296,0.22159105142928173,11.941541761523995,1.2561192096928764,0.8860415062451569,29.434535443360687,16.474286045740612,48.547789949950065,José C. Paz,Buenos Aires,AMBA,False
06819,2.0,6841.574265413573,0.037112636852848394,0.029749124593901888,1.6031803243653726,1.2475203004950242,0.3134488058935992,29.23303792974467,3.5402565133059114,105.59978431056653,Tornquist,Buenos Aires,Pampeana,False
06351,2.0,6940.973811937663,0.037112636852848394,0.030181342294010968,1.6264725362242511,1.2296549467984674,0.29293058550850287,28.814400604137617,3.489557591002482,104.08752234878543,General Pinto,Buenos Aires,Pampeana,False
62007,10.0,34751.4514803545,0.18556318426424198,0.15110926517809387,8.143278300447479,1.228006661573938,0.6511417646780279,28.775776475561443,13.799103323334094,52.919677477109445,Adolfo Alsina,Río Negro,Patagonia,False
06648,4.0,13922.228826980132,0.07422527370569679,0.06053783879719497,3.262384132780837,1.226097184512243,0.40850201061678154,28.731031860705592,7.828239193384437,73.56285263431627,Presidente Perón,Buenos Aires,AMBA,False
06651,3.0,10486.290654395394,0.05566895527927259,0.04559739543901885,2.4572436402087257,1.2208801564932206,0.34632181371766885,28.608781683373724,5.89981856583654,83.6070004035933,Puán,Buenos Aires,Pampeana,False
06497,15.0,52836.29726366104,0.27834477639636296,0.22974735483370107,12.38108495198815,1.2115254889347404,0.7451462554300051,28.389574547867635,15.889429364985734,46.82428586550727,Luján,Buenos Aires,Pampeana,False
30091,5.0,17618.635032160262,0.09278159213212099,0.07661087176907756,4.128559879635589,1.2110760521272441,0.42904681149985974,28.379042933083213,9.21459799328939,66.22721940731404,Tala,Entre Ríos,Pampeana,False
14098,40.0,141015.16054952098,0.7422527370569679,0.613174310191192,33.04396357620333,1.2105085368392692,1.2138118417497072,28.365744395229765,20.264903667399356,38.626092933359494,Río Cuarto,Córdoba,Pampeana,True
06007,3.0,10716.217226567593,0.05566895527927259,0.046597182034565796,2.511122139842751,1.1946850184626476,0.30857991800673656,27.994953224374875,5.773232380562355,81.81313316425262,Adolfo Alsina,Buenos Aires,Pampeana,False
06315,3.0,10724.24372863994,0.05566895527927259,0.04663208356467278,2.5130029833002165,1.193790862938106,0.3072777277028283,27.974000553421433,5.768911436089323,81.75190056832287,General Juan Madariaga,Buenos Aires,Pampeana,False
14112,2.0,7153.792856910256,0.037112636852848394,0.031106740461045574,1.676342243445746,1.1930737937433173,0.2500185503727358,27.95719753148969,3.3857463221066197,100.99101011493815,Río Seco,Córdoba,Pampeana,False
06616,1.0,3590.5269258026537,0.018556318426424197,0.015612639537284291,0.8413651446642504,1.1885446008095015,0.1729578442964547,27.85106533566664,0.7051279243263204,155.17620410807447,Pellegrini,Buenos Aires,Pampeana,False
06408,10.0,37213.243481301964,0.18556318426424198,0.16181384194936274,8.72014794265116,1.1467695348480214,0.4337600030182141,26.872153740172003,12.886242228635373,49.41884748976029,Hurlingham,Buenos Aires,AMBA,False
30088,1.0,3764.9992994084078,0.018556318426424197,0.016371295393266233,0.8822491087431173,1.1334667160215492,0.12537303565777544,26.560429909167034,0.6724518644204813,147.98524376390634,San Salvador,Entre Ríos,Pampeana,False
06658,83.0,317511.0324401754,1.5401744293932085,1.3806289163229908,74.40209230064598,1.1155600257128706,1.0037350501745885,26.140823946216308,20.821020356279806,32.40548430916413,Quilmes,Buenos Aires,Pampeana,True
06014,2.0,7651.129290436217,0.037112636852848394,0.03326930173014499,1.7928826702375131,1.1155219653805057,0.15470799546498384,26.139932081659715,3.1656670453435236,94.42642247275442,Adolfo Gonzales Chaves,Buenos Aires,Pampeana,False
18063,3.0,11747.59906380091,0.05566895527927259,0.051081925689962865,2.7528049754320993,1.0897975071877728,0.14902631210437747,25.537133023582747,5.266370766789103,74.63033954536147,General Paz,Corrientes,NEA,False
06882,15.0,58799.41398363607,0.27834477639636296,0.25567669439628093,13.77841706101558,1.0886591640806655,0.3295180442032563,25.510458325612756,14.278009871186395,42.07562149917186,Zárate,Buenos Aires,Pampeana,False
06260,14.0,54991.25210425755,0.25978845796993877,0.23911771574189505,12.886053701330725,1.0864458836264386,0.3106877612383775,25.458594711496097,13.918450632456157,42.71519600481502,Esteban Echeverría,Buenos Aires,AMBA,False
06760,14.0,55188.502713451264,0.25978845796993877,0.23997541789076915,12.932275270133548,1.0825627901945691,0.2972648490358852,25.367602510781175,13.86870434960193,42.56252655339819,San Miguel,Buenos Aires,Pampeana,False
74056,26.0,102794.03782565564,0.48246427908702916,0.4469779206000967,24.087640141139214,1.0793917481187654,0.3905217868872295,25.293295749406628,16.52242053610371,37.060538615807616,Juan Martín de Pueyrredón,San Luis,Cuyo,False
06434,71.0,283790.2101583166,1.317498608276118,1.2340011221114784,66.50032047058757,1.0676640277455896,0.555221128900883,25.01848106754338,19.539641280636335,31.557409629155284,Lanús,Buenos Aires,AMBA,True
14147,12.0,47992.885735039665,0.22267582111709036,0.2086868141694117,11.246132415589596,1.0670334970772155,0.22503346338566083,25.00370589559858,12.91977970017163,43.67644230418277,Santa María,Córdoba,Pampeana,False
54077,9.0,36108.42495830044,0.16700686583781776,0.15700977454917703,8.46125675045515,1.0636717765970014,0.18535555880243842,24.92493098326384,11.397265602503968,47.31528298769451,Libertador General San Martín,Misiones,NEA,False
74028,3.0,12043.890107692294,0.05566895527927259,0.05237028401786143,2.8222346057225525,1.0629874617499901,0.10584355408358352,24.908895491199594,5.136813084175043,72.79436287900673,Chacabuco,San Luis,Cuyo,False
06490,85.0,356447.75671780633,1.5772870662460567,1.5499369464454447,83.52610204394502,1.0176459564134759,0.16253552936774354,23.846411822783068,19.04766679694545,29.48645750690132,Lomas de Zamora,Buenos Aires,AMBA,True
14035,5.0,20983.29056593277,0.09278159213212099,0.09124135779563085,4.916996771606546,1.0168808791725796,0.037449260088861326,23.82848383235804,7.737043839798023,55.60773246054499,General Roca,Córdoba,Pampeana,False
30021,7.0,29449.286146683797,0.12989422898496938,0.12805393156485825,6.900826372030212,1.0143712683993542,0.03777668931370538,23.76967633488206,9.556642689068322,48.974617890106224,Diamante,Entre Ríos,Pampeana,False
82077,4.0,16857.575236012377,0.07422527370569679,0.07330156577886562,3.950221379823068,1.0126014760669342,0.02505482462839316,23.72820494050004,6.465137235740022,60.753628751570794,9 de Julio,Santa Fe,Pampeana,False
06707,4.0,16882.003274060087,0.07422527370569679,0.07340778588541912,3.955945581365236,1.01113625496829,0.022157654263657994,23.693870538137908,6.455782266675362,60.665719044968604,Saladillo,Buenos Aires,Pampeana,False
06056,40.0,170151.84825624328,0.7422527370569679,0.7398689741989783,39.87153901958294,1.0032218716301362,0.020419838851115563,23.508413461228628,16.79475523460288,32.011786837575826,Bahía Blanca,Buenos Aires,Pampeana,True
06049,9.0,38386.84747250508,0.16700686583781776,0.16691700826807132,8.995157575566363,1.0005383368098844,0.0016159250854543318,23.445530416235226,10.720789458748877,44.50691988618318,Azul,Buenos Aires,Pampeana,False
70028,22.0,94119.6342920503,0.40823900538133234,0.40925912935587005,22.054974480987838,0.9975073885923003,-0.011730009841948181,23.374506462418548,14.648678754369255,35.38928368949111,Capital,San Juan,Cuyo,False
78035,1.0,4287.4462906951885,0.018556318426424197,0.018643044560131425,1.0046736713454825,0.9953480702453132,-0.004663222581641953,23.323907337807253,0.5905102074219741,129.95249416956506,Lago Buenos Aires,Santa Cruz,Patagonia,False
86049,40.0,172055.9638083895,0.7422527370569679,0.7481486140310485,40.317728810133204,0.9921193772687575,-0.05022723354542186,23.248249647740245,16.608890391973475,31.657517564833263,Capital,Santiago del Estero,NOA,True
06098,11.0,47328.55243257491,0.20411950269066617,0.20579810267989201,11.09045975341938,0.9918434622702194,-0.027191174682310283,23.24178415486253,11.602214910459484,41.58597189580504,Berisso,Buenos Aires,Pampeana,False
14007,6.0,26377.18292374906,0.11133791055854518,0.11469554678397066,6.180943016188178,0.9707256618101349,-0.07282217679711328,22.74693251870281,8.347723332912649,49.51049571999748,Calamuchita,Córdoba,Pampeana,False
06595,14.0,61659.98260070677,0.25978845796993877,0.2681152661192903,14.448731691168554,0.9689431777985863,-0.11821017649278616,22.705163721274758,12.413124288187625,38.09540666585646,Olavarría,Buenos Aires,Pampeana,False
06203,5.0,22172.58775366135,0.09278159213212099,0.09641276262796235,5.195683778020891,0.9623372425302932,-0.08589006427577803,22.550367397573396,7.322042912426113,52.62503506112355,Coronel Suárez,Buenos Aires,Pampeana,False
06301,2.0,8942.435007441445,0.037112636852848394,0.03888426886690589,2.0954732492375583,0.9544383354584477,-0.06596675107248984,22.36527297470656,2.708538315821258,80.79105592282123,General Belgrano,Buenos Aires,Pampeana,False
30070,10.0,45095.213109841614,0.18556318426424198,0.19608690359106112,10.567123234522283,0.94633135036511,-0.1746325796930047,22.175302677120715,10.633919579117997,40.781171157176,La Paz,Entre Ríos,Pampeana,False
18133,2.0,9025.843264496296,0.037112636852848394,0.03924695185988732,2.1150182357293277,0.9456183243310592,-0.07910335142549098,22.15859439823337,2.6835085813722253,80.04446184150692,San Cosme,Corrientes,NEA,False
22049,2.0,9046.578960846657,0.037112636852848394,0.03933711660711322,2.119877213957331,0.9434508691503186,-0.08235059169014292,22.107804603883352,2.677357701648768,79.86099164106352,General Belgrano,Chaco,NEA,False
18091,4.0,18173.105742620777,0.07422527370569679,0.07902186923972507,4.258488533328784,0.9393004040504653,-0.12530984791900263,22.010547105434675,5.997133286196098,56.355742493614834,Lavalle,Corrientes,NEA,False
30049,7.0,32007.719822671315,0.12989422898496938,0.13917873402106404,7.500341976395141,0.9332907782112065,-0.18282216193384948,21.869724050264416,8.79276333057137,45.0599900324255,Gualeguay,Entre Ríos,Pampeana,False
78028,1.0,4608.077849378462,0.018556318426424197,0.020037242418397175,1.0798069939274237,0.926091427101103,-0.07680887413776465,21.70102226321719,0.549422314722933,120.91035726947194,Lago Argentino,Santa Cruz,Patagonia,False
14168,2.0,9398.453909386384,0.037112636852848394,0.04086716967377365,2.202331773719662,0.90812838640659,-0.13636768771040833,21.28009584643032,2.577118331155158,76.8710230148445,Totoral,Córdoba,Pampeana,False
30028,8.0,37768.49940068675,0.14845054741139357,0.16422825373332675,8.85026059368898,0.9039281855389331,-0.28604274208090646,21.181672893931644,9.144742924802834,41.73633972841052,Federación,Entre Ríos,Pampeana,False
06196,3.0,14164.816385591226,0.05566895527927259,0.061592678988367795,3.3192294706831404,0.903824223813776,-0.17527425381621542,21.179236767598827,4.36766779077298,61.89471738342188,Coronel Pringles,Buenos Aires,Pampeana,False
14161,14.0,66436.74115474972,0.25978845796993877,0.2888859805581579,15.568065492279128,0.8992767924147802,-0.39799268361438817,21.072677191360263,11.520628711261521,35.35637166055706,Tercero Arriba,Córdoba,Pampeana,False
50028,35.0,166731.307166019,0.6494711449248469,0.7249954817652172,39.07000651232756,0.895827851704008,-0.6535117561169019,20.991858454722923,14.62159855691957,29.194593502835374,Guaymallén,Mendoza,Cuyo,True
14021,19.0,91537.0458875211,0.3525700501020598,0.3980292952211293,21.449798719466656,0.8857891977679327,-0.5300109314619622,20.756623524148708,12.496843276352884,32.41403880134448,Colón,Córdoba,Pampeana,False
82091,8.0,39009.488381571326,0.14845054741139357,0.16962442928880223,9.141060494373551,0.8751719786696642,-0.3777278663966882,20.507831124950926,8.853825876834993,40.40860281479642,San Cristóbal,Santa Fe,Pampeana,False
06280,4.0,19720.80183134295,0.07422527370569679,0.0857516951526953,4.621158851778749,0.865583748210764,-0.28907698534747256,20.28315092970846,5.526475966581463,51.93292221580151,General Alvarado,Buenos Aires,Pampeana,False
06518,2.0,9929.086439283614,0.037112636852848394,0.043174511907167624,2.3266744466772633,0.8595959795132538,-0.21421068333285878,20.14284005109639,2.439391378301271,72.76286405504617,Mar Chiquita,Buenos Aires,Pampeana,False
86007,1.0,5016.556728403482,0.018556318426424197,0.021813425588332862,1.175525504955258,0.8506833716364677,-0.1619092180602323,19.93399166280832,0.5046849732794167,111.06509290311708,Aguirre,Santiago del Estero,NOA,False
06547,2.0,10085.736767567048,0.037112636852848394,0.043855672405174406,2.363382185914849,0.8462448485562286,-0.23642418820408184,19.829984126012977,2.4015030743499417,71.63272088318392,Monte,Buenos Aires,Pampeana,False
06462,2.0,10112.77932043472,0.037112636852848394,0.04397326117106189,2.3697190445085257,0.8439819077433272,-0.24022538622842585,19.776956824902076,2.395081222177339,71.44116803898962,Leandro N. Alem,Buenos Aires,Pampeana,False
06245,6.0,30481.935172393045,0.11133791055854518,0.1325441853187198,7.142806146825811,0.8400059971761011,-0.42788409427852087,19.683789648086698,7.223603885507467,42.84332326231841,Ensenada,Buenos Aires,Pampeana,False
06861,34.0,173667.2833813133,0.6309148264984227,0.7551550930775205,40.695307965947585,0.8354771520208181,-1.053523942259912,19.577665601728658,13.558102554568915,27.357825360165315,Vicente López,Buenos Aires,Pampeana,True
90084,76.0,391657.71274807025,1.410280200408239,1.7030399207397402,91.7768213286646,0.8280957969532877,-1.66105096444484,19.404698931305408,15.288695697145727,24.287874301231994,Capital,Tucumán,NOA,True
06784,1.0,5165.293751880333,0.018556318426424197,0.022460176770368222,1.2103789261551436,0.8261875503538156,-0.19124510777864878,19.359983149766997,0.4901523359648887,107.86692216508771,Suipacha,Buenos Aires,Pampeana,False
82049,18.0,93135.67391940656,0.33401373167563553,0.4049805878118251,21.824403877179254,0.8247647954692475,-0.8203019510706266,19.3266438546158,11.454194006939659,30.544429508444622,General Obligado,Santa Fe,Pampeana,False
06371,48.0,248778.74373514223,0.8907032844683614,1.0817612374838042,58.29611308800221,0.8233825114127338,-1.3558614623176628,19.294252908963287,14.226058984027215,25.581380155967643,General San Martín,Buenos Aires,AMBA,True
42140,1.0,5207.242618029377,0.018556318426424197,0.022642582456139933,1.2202087685613807,0.8195318913983829,-0.19937316847904887,19.204021655100814,0.48620373278998746,106.99796033408992,Toay,La Pampa,Pampeana,False
06875,3.0,15628.880798819688,0.05566895527927259,0.06795885042098886,3.6623024491870897,0.8191568123124022,-0.3461998523315891,19.195232458530004,3.9585184048644377,56.09661486703794,Villarino,Buenos Aires,Pampeana,False
06182,7.0,36761.565610743346,0.12989422898496938,0.1598498171903997,8.61430664839064,0.8126016736712953,-0.5504568224421563,19.041626447907028,7.655721416547576,39.23302808813843,Coronel de Marina Leonardo Rosales,Buenos Aires,Pampeana,False
86042,1.0,5261.011489465767,0.018556318426424197,0.022876384910601483,1.2328083828323138,0.8111560676628038,-0.20970100207998582,19.007751684297226,0.4812346073561001,105.90441404842234,Belgrano,Santiago del Estero,NOA,False
06189,2.0,10561.177959171919,0.037112636852848394,0.0459230268907683,2.4747919191435037,0.8081487516300669,-0.3018795664540398,18.937281501473876,2.293392645027982,68.4079720619577,Coronel Dorrego,Buenos Aires,Pampeana,False
06581,10.0,52930.886394775094,0.18556318426424198,0.23015865546972078,12.403249943263255,0.8062403036094129,-0.6831743499196199,18.892561000049902,9.059717346063177,34.74409233364572,Necochea,Buenos Aires,Pampeana,False
70063,1.0,5345.05030122355,0.018556318426424197,0.02324180973604619,1.252501126675529,0.7984024754167414,-0.2256444897642668,18.70889783340462,0.47366828294383545,104.23930696523992,9 de Julio,San Juan,Cuyo,False
42098,1.0,5425.833338503821,0.018556318426424197,0.02359307752148465,1.2714309476328076,0.7865153839945718,-0.24074884460069215,18.43034862319879,0.4666160275256686,102.68733009914536,Loventué,La Pampa,Pampeana,False
06385,2.0,10861.180891002094,0.037112636852848394,0.04722752557065104,2.5450913530023844,0.785826409586692,-0.34175917487452473,18.414203944037915,2.23004552612343,66.51843607272231,General Viamonte,Buenos Aires,Pampeana,False
26021,19.0,103219.6533968908,0.3525700501020598,0.44882861901636456,24.18737427879189,0.7855337987910365,-1.0571339841444631,18.407347219955227,11.0824254760686,28.745352842348662,Escalante,Chubut,Patagonia,False
82105,8.0,44103.69324293877,0.14845054741139357,0.19177549120065002,10.33478122080303,0.7740850850230564,-0.7269631264770365,18.139070476327607,7.831163158431134,35.741200024596765,San Jerónimo,Santa Fe,Pampeana,False
06805,31.0,170980.6482993795,0.5752458712191502,0.7434728341864867,40.06575103430977,0.773728164323029,-1.4375984844868905,18.130706783682548,12.318935615603403,25.735091041533057,Tigre,Buenos Aires,AMBA,True
06406,1.0,5521.495932745828,0.018556318426424197,0.02400904588266553,1.2938474826168453,0.7728886236092294,-0.2583643411468785,18.11103389698056,0.4585316786007194,100.9082223151821,Hipólito Yrigoyen,Buenos Aires,Pampeana,False
30056,12.0,66963.27617654136,0.22267582111709036,0.2911755056526261,15.69144799962002,0.7647477785536803,-0.9332509612916152,17.920270161757486,9.259665092214247,31.30310559016562,Gualeguaychú,Entre Ríos,Pampeana,False
90028,4.0,22500.979600329443,0.07422527370569679,0.09784070444122862,5.272635562337811,0.758633884839645,-0.5545015188464055,17.777003806276216,4.843635223820958,45.51619021624172,Famaillá,Tucumán,NOA,False
06756,32.0,181490.72500813485,0.5938021896455743,0.789173658203096,42.52856844056485,0.7524353904533869,-1.6208745715549693,17.63175501038176,12.060107374800278,24.890777243517892,San Isidro,Buenos Aires,AMBA,True
06364,6.0,34774.51976604103,0.11133791055854518,0.15120957269189597,8.148683872366274,0.736315225130666,-0.753281644886245,17.25401253667142,6.331918509025984,37.554721417812026,General Rodríguez,Buenos Aires,Pampeana,False
06224,6.0,36058.281376385436,0.11133791055854518,0.15679173589197568,8.449506647218568,0.7101006307835851,-0.8433419086260248,16.63972815944966,6.106486968990351,36.21768294001758,Chivilcoy,Buenos Aires,Pampeana,False
74049,2.0,12094.92155204154,0.037112636852848394,0.05259218335524453,2.834192761014127,0.7056683043973208,-0.4956395535192483,16.535865829261322,2.002570066302595,59.73323296590115,Junín,San Luis,Cuyo,False
06252,15.0,91042.52934505465,0.27834477639636296,0.395878995646081,21.333919075367305,0.7031056950675034,-1.3740373401576975,16.475816421081,9.2213893805218,27.174353622930965,Escobar,Buenos Aires,Pampeana,False
50098,12.0,72921.62117772433,0.22267582111709036,0.31708409641509583,17.087661955809512,0.7022610835252512,-1.2327260079046019,16.456024710083774,8.503068100488603,28.745363459610225,San Martín,Mendoza,Cuyo,False
26077,13.0,80128.41246323752,0.24123213954351458,0.34842128922447885,18.776423276307163,0.6923576342893759,-1.3353972703606858,16.22395801984013,8.63857435610565,27.743462318510378,Rawson,Chubut,Patagonia,False
06560,32.0,199611.75085995407,0.5938021896455743,0.8679690691599483,46.77485313702962,0.6841282837650855,-2.169751286331794,16.03112034343656,10.965274447515359,22.63115867918742,Moreno,Buenos Aires,AMBA,True
06147,2.0,12589.05870567163,0.037112636852848394,0.05474083323896086,2.949983503247601,0.6779698929835453,-0.5532547748498897,15.886811291927321,1.9239665506909172,57.388624810122536,Carlos Casares,Buenos Aires,Pampeana,False
06515,10.0,63654.107689735545,0.18556318426424198,0.2767862931998911,14.916013340542133,0.6704204247940518,-1.2746429208730963,15.709905240903307,7.533510200953939,28.89107507665729,Malvinas Argentinas,Buenos Aires,AMBA,False
06021,1.0,6464.796675750974,0.018556318426424197,0.028110787710572724,1.5148903497227642,0.6601137832734938,-0.41839376413800816,15.468390579875994,0.3916257425272991,86.1843561428276,Alberti,Buenos Aires,Pampeana,False
54028,34.0,221472.86214068832,0.6309148264984227,0.9630274428648785,51.8975488959883,0.6551369134627515,-2.496441860230569,15.351768009573044,10.631545624589855,21.452557047383007,Capital,Misiones,NEA,True
34049,10.0,65522.0745629838,0.18556318426424198,0.28490874822175216,15.353732441670225,0.6513074288607422,-1.368261898428333,15.262032020044469,7.31873758289325,28.06742027732936,Pilcomayo,Formosa,NEA,False
10084,1.0,6569.278536134917,0.018556318426424197,0.02856510476711303,1.539373495899721,0.6496149262434376,-0.4347900899389791,15.222371749034671,0.385397085007539,84.81362694992401,Pomán,Catamarca,NOA,False
06840,32.0,211275.2698726217,0.5938021896455743,0.9186853907038494,49.50795570503044,0.6463607625137412,-2.4997815723605523,15.146117204958662,10.359932955939836,21.38179830827159,Tres de Febrero,Buenos Aires,Pampeana,True
42126,1.0,6712.8770427667605,0.018556318426424197,0.029189512206039034,1.5730228127834436,0.635718688803065,-0.45694906718707573,14.896742389725684,0.3771528634145067,82.99933628223444,Rancul,La Pampa,Pampeana,False
22133,4.0,27054.255254631524,0.07422527370569679,0.11763965121799426,6.339600804137711,0.6309545543292399,-0.9297504723744566,14.785104828621089,4.028443449537376,37.85574054436555,Quitilipi,Chaco,NEA,False
42056,1.0,6784.976347935208,0.018556318426424197,0.029503020636903115,1.5899177821227088,0.6289633408998634,-0.46791635857610403,14.738444892358663,0.37314511777177484,82.1173590772273,Chapaleufú,La Pampa,Pampeana,False
18035,5.0,33960.891927394,0.09278159213212099,0.14767168579540485,7.9580271475143665,0.628296424140965,-1.0493499575112235,14.722817088225035,4.780458633387253,34.358143785707234,Curuzú Cuatiá,Corrientes,NEA,False
06210,4.0,27198.166374148634,0.07422527370569679,0.11826541798728966,6.373323375335041,0.6276160433785808,-0.9406561547556618,14.706873783233886,4.007128122659851,37.655437997239915,Chacabuco,Buenos Aires,Pampeana,False
90042,3.0,20481.67136301934,0.05566895527927259,0.08906017381848617,4.79945276707822,0.6250712624110937,-0.8217468887198349,14.647242145563602,3.0206134642539197,42.805457202931514,Juan Bautista Alberdi,Tucumán,NOA,False
06455,2.0,13805.047517956695,0.037112636852848394,0.06002830090036356,3.234925135520592,0.6182523292546437,-0.6868136248663638,14.487454660322841,1.7544979706076,52.33366751057222,Las Flores,Buenos Aires,Pampeana,False
06028,42.0,291623.4421844764,0.7793653739098163,1.2680622586977204,68.33587512122016,0.6146112847094842,-3.206229042095029,14.402134370744948,10.379791660688728,19.46750177325515,Almirante Brown,Buenos Aires,AMBA,True
50063,9.0,63509.377071401694,0.16700686583781776,0.2761569630150048,14.88209873687861,0.6047534127493412,-1.5268652682406874,14.171135688957506,6.479945619292633,26.9012297699145,Luján de Cuyo,Mendoza,Cuyo,False
18098,1.0,7059.455221042122,0.018556318426424197,0.030696533398392924,1.6542361848393945,0.6045085998992867,-0.5087477123352614,14.165399010100659,0.35863685215857866,78.92455177463974,Mburucuyá,Corrientes,NEA,False
46028,1.0,7062.198127027722,0.018556318426424197,0.030708460339291234,1.6548789276844045,0.6042738131902216,-0.5091486493521645,14.159897272959567,0.3584975602340605,78.8938980572589,General Felipe Varela,La Rioja,NOA,False
06427,104.0,741741.3949320226,1.9298571163481166,3.225304048198244,173.81163515740337,0.5983488959517461,-5.382790533428506,14.021059187283345,11.456221385341195,16.98885997950188,La Matanza,Buenos Aires,AMBA,True
18119,5.0,35805.874201081584,0.09278159213212099,0.1556941971947099,8.390360286822917,0.5959219662893992,-1.171369458508721,13.964189149301555,4.5341342065860815,32.58775924250498,Paso de los Libres,Corrientes,NEA,False
62042,28.0,201953.71570743294,0.5195769159398775,0.8781526031448674,47.32364378347691,0.5916704159153574,-2.8214037603997206,13.864562928152875,9.212901377269752,20.038153693538984,General Roca,Río Negro,Patagonia,False
22091,3.0,21954.158773833857,0.05566895527927259,0.09546297085727927,5.14449949949878,0.5831471069814051,-0.9459360540494244,13.664836949141321,2.8180178947825048,39.934452328875516,Maipú,Chaco,NEA,False
50105,16.0,117097.28357254164,0.29690109482278715,0.5091725301028246,27.439307647241215,0.5831050916333401,-2.1893825083534013,13.663852407035572,7.810072253278168,22.189240266589525,San Rafael,Mendoza,Cuyo,False
58035,30.0,222195.42202034534,0.5566895527927259,0.9661693401903433,52.06686574285761,0.5761821759765772,-3.0730395244206927,13.501628308639521,9.109491922640764,19.274413939494316,Confluencia,Neuquén,Patagonia,True
22168,3.0,22455.024672731568,0.05566895527927259,0.09764087925278857,5.261866982932776,0.5701398400474023,-0.9865276377396683,13.360038760692493,2.755161180681715,39.043702679110964,25 de Mayo,Chaco,NEA,False
54119,3.0,23164.305495471097,0.05566895527927259,0.10072503543514758,5.428072159600103,0.5526824094801672,-1.0426957778835084,12.950960263352322,2.6707993598882527,37.848201714730585,25 de Mayo,Misiones,NEA,False
34014,21.0,163675.54823010965,0.38968268695490815,0.7117081666259434,38.35395309947209,0.5475315659258353,-2.8121878880458557,12.830260980996583,7.942133766859649,19.612416810001054,Formosa,Formosa,NEA,False
90063,5.0,39388.24888088015,0.09278159213212099,0.17127138843125414,9.229815122560286,0.5417226600540006,-1.3934683677872342,12.69414137988526,4.1217531528965585,29.623891416474507,Lules,Tucumán,NOA,False
86140,1.0,7932.966622297421,0.018556318426424197,0.03449481117804177,1.8589253743846708,0.5379452095170918,-0.6300853362044773,12.605624700213294,0.3191467856820221,70.23404554959953,Quebrachos,Santiago del Estero,NOA,False
18154,1.0,7950.828414579771,0.018556318426424197,0.03457247936718418,1.8631109130975556,0.5367366982663572,-0.6324443820648731,12.577305758054816,0.3184298121421355,70.07626250268386,San Miguel,Corrientes,NEA,False
54063,7.0,56231.440042813745,0.12989422898496938,0.24451040813587763,13.176665894442445,0.5312421257453608,-1.7036600557471446,12.448551903828728,5.004963503294696,25.648774690317683,Iguazú,Misiones,NEA,False
18021,30.0,241365.81642740202,0.5566895527927259,1.049527706204557,56.55904808736357,0.5304191109026568,-3.550197581416641,12.429266266469591,8.385973755943589,17.743550445010563,Capital,Corrientes,NEA,True
74035,9.0,72433.12713207732,0.16700686583781776,0.3149599843812913,16.97319355830779,0.5302478858255175,-1.9383648756566638,12.425253963685783,5.681617321138442,23.58700242261539,General Pedernera,San Luis,Cuyo,False
54021,2.0,16203.041884309026,0.037112636852848394,0.0704554672823363,3.796845131845104,0.5267531149020255,-0.9224700011839226,12.343361291541148,1.4948383166158434,44.58846505062931,Candelaria,Misiones,NEA,False
06749,11.0,90588.50896418217,0.20411950269066617,0.393904784981289,21.227528862641662,0.5181950320820858,-2.2242215089121897,12.14282045899364,6.0616522228089575,21.726859994002158,San Fernando,Buenos Aires,AMBA,False
22140,34.0,282743.6375299759,0.6309148264984227,1.2294503245451243,66.25507798973675,0.5131682133898744,-3.98726202235539,12.025027440766156,8.327681071895375,16.803770549979575,San Fernando,Chaco,NEA,True
62021,9.0,74887.47800269247,0.16700686583781776,0.3256322049864517,17.548319526719883,0.5128696218630042,-2.043954555184398,12.018030570713595,5.495408854909457,22.81396557486541,Bariloche,Río Negro,Patagonia,False
06539,31.0,259132.48379713064,0.5752458712191502,1.126782264979491,60.722296259744766,0.5105208779884554,-3.8359146151426575,11.962992653699583,8.128273102044448,16.980513156234405,Merlo,Buenos Aires,Pampeana,True
26035,3.0,25118.55139412997,0.05566895527927259,0.1092226563730985,5.886008951946279,0.5096832207514762,-1.1902125309208036,11.94336390235099,2.463008766660727,34.90357756773814,Futaleufú,Chubut,Patagonia,False
82098,2.0,16806.69846896208,0.037112636852848394,0.07308033902268384,3.9382994699324323,0.5078333974522037,-0.9770690540991179,11.900017149076113,1.441147284169269,42.98695357131692,San Javier,Santa Fe,Pampeana,False
14091,10.0,84880.02124226869,0.18556318426424198,0.3690826452377401,19.889863751861814,0.5027686526542414,-2.2216586909473786,11.781335411612957,5.649608265819352,21.666295286999436,Punilla,Córdoba,Pampeana,False
06602,2.0,17025.3015209796,0.037112636852848394,0.07403088770911008,3.9895245386439417,0.5013128709016061,-0.9964363111936257,11.74722220064931,1.4226431070574597,42.43500568152209,Patagones,Buenos Aires,Pampeana,False
18112,3.0,25798.388643629736,0.05566895527927259,0.11217878346524833,6.045314640942232,0.49625208581904606,-1.2392714525582063,11.628633250863032,2.3981037398952703,33.98380104606719,Monte Caseros,Corrientes,NEA,False
74021,1.0,8647.220011420002,0.018556318426424197,0.037600589503367,2.0262957683364475,0.4935113696758011,-0.7211121009098539,11.564410280753167,0.2927855189396567,64.43277011086423,Coronel Pringles,San Luis,Cuyo,False
06833,4.0,34715.21963796418,0.07422527370569679,0.1509517187491988,8.134788123394324,0.49171532673317603,-1.4508020893323144,11.522323758037365,3.1394454218992185,29.501725128662603,Tres Arroyos,Buenos Aires,Pampeana,False
50084,4.0,34998.830944675436,0.07422527370569679,0.15218494194787768,8.201246521571129,0.4877307357459744,-1.4681449977717336,11.428953173673197,3.114005080195778,29.26265934880263,Rivadavia,Mendoza,Cuyo,False
42154,1.0,8975.882017609607,0.018556318426424197,0.03902970604761681,2.10331085890607,0.4754408963210027,-0.7609058604930048,11.140966403503517,0.28206484816332683,62.07349183075268,Utracán,La Pampa,Pampeana,False
62077,2.0,18151.284549514905,0.037112636852848394,0.07892698444167852,4.253375191562055,0.47021480822280776,-1.0930451895540116,11.01850392210093,1.334391942802958,39.802624701385334,San Antonio,Río Negro,Patagonia,False
50119,3.0,27346.605581034622,0.05566895527927259,0.11891087417748193,6.408107009424501,0.46815697609104434,-1.3471213219186968,10.97028291540708,2.2623360733467486,32.0598219905676,Tunuyán,Mendoza,Cuyo,False
06588,3.0,27435.622989224285,0.05566895527927259,0.1192979473662724,6.42896638356842,0.4666379976208306,-1.3531684297053512,10.934688821093259,2.254995715382856,31.955800942394454,9 de Julio,Buenos Aires,Pampeana,False
14049,2.0,18340.50730920421,0.037112636852848394,0.07974977920142508,4.297715601164797,0.4653635060118789,-1.1087935224272458,10.90482376676842,1.3206247485990315,39.39197289323747,Ischilín,Córdoba,Pampeana,False
54042,6.0,55163.084759215664,0.11133791055854518,0.23986489334508096,12.926319102366412,0.4641692621452912,-1.9287971040953733,10.876839151018702,3.9916082704620646,23.674299723307154,Eldorado,Misiones,NEA,False
30042,1.0,9341.055239020588,0.018556318426424197,0.040617583813854156,2.1888815917286006,0.4568543149062172,-0.8037401915631333,10.705428609635867,0.27103798592828443,59.64683056004587,Feliciano,Entre Ríos,Pampeana,False
42035,1.0,9367.720733210861,0.018556318426424197,0.040733533020608316,2.1951300944805823,0.4555538655838176,-0.8068141760262756,10.674955290402236,0.27026646828328343,59.47704409233784,Conhelo,La Pampa,Pampeana,False
46035,1.0,9388.098151525346,0.018556318426424197,0.040822139872309725,2.199905117718771,0.4545650591680822,-0.8091584855431092,10.651784673102544,0.2696798390436123,59.34794567559604,Chamical,La Rioja,NOA,False
46112,1.0,9437.204463744758,0.018556318426424197,0.04103566818376101,2.2114121584228807,0.45219973861099366,-0.8147909709877628,10.596358316085398,0.26827656517938353,59.03912977983764,Rosario Vera Peñaloza,La Rioja,NOA,False
90077,4.0,38675.77850176034,0.07422527370569679,0.16817336314414305,9.062862539837868,0.4413616539384872,-1.683173678144082,10.342390392524196,2.8179532923344244,26.480627080169942,Río Chico,Tucumán,NOA,False
10049,10.0,96939.62287080722,0.18556318426424198,0.42152124744861996,22.71578002500613,0.4402226112857114,-2.6736000176436363,10.31569930215959,4.946778782627733,18.970938298910923,Capital,Catamarca,NOA,False
18070,7.0,68151.12902376395,0.12989422898496938,0.2963406300787233,15.9697965549424,0.4383274374170791,-2.2479018873794545,10.271289852819805,4.129591236175285,21.162782727595406,Goya,Corrientes,NEA,False
90035,1.0,9758.204266084222,0.018556318426424197,0.04243146727092291,2.2866317712300352,0.4373244580005444,-0.8510367470794551,10.247787120788368,0.2594515065879989,57.097015383289275,Graneros,Tucumán,NOA,False
18168,4.0,39412.12412488189,0.07422527370569679,0.17137520483095445,9.235409788340135,0.43311559439951103,-1.7242294204617143,10.149161175189482,2.765304834047919,25.98588353916686,Santo Tomé,Corrientes,NEA,False
62063,1.0,10045.200246961393,0.018556318426424197,0.043679408002375,2.353883297247989,0.4248298975438317,-0.8826400629589785,9.955003139957249,0.2520388579804406,55.46572745151878,Pichi Mahuida,Río Negro,Patagonia,False
86091,1.0,10073.307813433532,0.018556318426424197,0.04380162775247524,2.3604697195808906,0.42364449401941634,-0.8856962339843238,9.927225679199667,0.25133559356268903,55.31096134587174,Jiménez,Santiago del Estero,NOA,False
10042,1.0,10250.303163502953,0.018556318426424197,0.044571254232797924,2.40194489060548,0.4163292854516412,-0.904786744902365,9.755809014123429,0.2469956993509815,54.35588881680293,Capayán,Catamarca,NOA,False
22021,7.0,71768.5045105434,0.12989422898496938,0.31207001484958685,16.81745310024424,0.41623425130279323,-2.3977143012077735,9.753582086932912,3.921445863632861,20.09610686479271,Comandante Fernández,Chaco,NEA,False
22014,2.0,20675.089935376378,0.037112636852848394,0.08990121317355285,4.844776377922763,0.41281575123133263,-1.293023955157603,9.67347666322783,1.1715029018061478,34.94392377641881,Bermejo,Chaco,NEA,False
38021,17.0,175816.41797566612,0.31545741324921134,0.7645001458879065,41.19891286189928,0.4126322472873207,-3.7845953096138927,9.669176630792743,5.632651707747758,15.481288453774443,Dr. Manuel Belgrano,Jujuy,NOA,False
22007,2.0,20768.48918239426,0.037112636852848394,0.09030733985269422,4.866662544661692,0.4109592521868662,-1.30004128396557,9.629973477779155,1.1662344642252038,34.786775312709935,Almirante Brown,Chaco,NEA,False
50112,1.0,10540.036241700429,0.018556318426424197,0.045831096647407796,2.4698377983288062,0.40488488785645804,-0.9354804995315443,9.487633411008742,0.24020608092525272,52.861709990097935,Santa Rosa,Mendoza,Cuyo,False
06854,2.0,21147.829654503137,0.037112636852848394,0.09195682088300713,4.955553077385254,0.4035876457719789,-1.328288677149349,9.45723524671066,1.1453150630631732,34.16278542883743,25 de Mayo,Buenos Aires,Pampeana,False
22056,1.0,10624.150066500697,0.018556318426424197,0.046196847651047826,2.4895481199149674,0.4016793216409715,-0.9442665676748477,9.41251764838232,0.23830431447048345,52.44319174770509,General Donovan,Chaco,NEA,False
90021,5.0,53829.083498832646,0.09278159213212099,0.2340642737560809,12.613723712715199,0.3963936513814533,-2.1462698059011434,9.288658983221277,3.016002288342191,21.676631517561905,Chicligasta,Tucumán,NOA,False
22028,2.0,21742.65314514682,0.037112636852848394,0.0945432838004668,5.0949375640071555,0.3925465179649827,-1.3717907000142833,9.198509430512717,1.113982166422172,33.22817882203388,Chacabuco,Chaco,NEA,False
46014,9.0,97897.36506087396,0.16700686583781776,0.4256857848249324,22.940206944215603,0.3923242724830501,-2.916734463972673,9.19330157088873,4.203762884546829,17.45175004536189,Capital,La Rioja,NOA,False
22098,4.0,44444.61047755165,0.07422527370569679,0.19325789698844922,10.414668068707527,0.3840736904538144,-1.9896263878104465,8.999966378421393,2.452187929910649,23.043488435063633,Mayor Luis J. Fontana,Chaco,NEA,False
06091,14.0,160958.49625525848,0.25978845796993877,0.6998936463719462,37.717268602984184,0.37118276371933046,-3.875428225289255,8.697894380050549,4.755219795395264,14.593588824652166,Berazategui,Buenos Aires,AMBA,False
06728,1.0,11854.636852648267,0.018556318426424197,0.051547356655577525,2.7778870501690727,0.35998583885516017,-1.0669862861931145,8.435517784558748,0.21356881951752088,46.99969691348428,San Andrés de Giles,Buenos Aires,Pampeana,False
66140,2.0,23765.565466039407,0.037112636852848394,0.10333948601097293,5.568964901131332,0.3591331666668794,-1.5131415309014953,8.41553718912334,1.019160595568736,30.399813873765876,Rosario de la Frontera,Salta,NOA,False
10021,1.0,12043.226334607305,0.018556318426424197,0.05236739774235796,2.8220790643356706,0.3543486830817776,-1.0849166487805055,8.303422789011355,0.21022446378456638,46.26371070456655,Andalgalá,Catamarca,NOA,False
06735,1.0,12159.206736755697,0.018556318426424197,0.05287171375211114,2.849256654101269,0.35096873374344245,-1.0958377175781175,8.224220721382508,0.2082192410443805,45.82242502791359,San Antonio de Areco,Buenos Aires,Pampeana,False
18084,2.0,24448.88688690658,0.037112636852848394,0.10631076327822786,5.729087033063699,0.3490957614114784,-1.5588013858316967,8.180331518777999,0.9906760977068387,29.55017012080451,Ituzaingó,Corrientes,NEA,False
06266,1.0,12253.75540908017,0.018556318426424197,0.05328283846172484,2.8714121647023516,0.3482606963544919,-1.1046823452170826,8.160763509764434,0.20661264354541564,45.468864074194336,Exaltación de la Cruz,Buenos Aires,Pampeana,False
86147,3.0,37436.32188540014,0.05566895527927259,0.16278385074854726,8.772421716839212,0.34198082317922684,-1.950527464918799,8.01360777157431,1.6525985773641896,23.419162535733747,Río Hondo,Santiago del Estero,NOA,False
86063,2.0,25167.56918082807,0.037112636852848394,0.10943579975022605,5.8974952485396805,0.3391270218480013,-1.6057930041634048,7.946734885797165,0.962386461734545,28.706338764045274,Choya,Santiago del Estero,NOA,False
18140,1.0,12593.377528264327,0.018556318426424197,0.054759612716669466,2.9509955293013177,0.33886869365632744,-1.136032981300837,7.940681503080645,0.20104064955939827,44.24264561619003,San Luis del Palmar,Corrientes,NEA,False
86077,2.0,25199.62795166522,0.037112636852848394,0.10957520046868102,5.90500755325722,0.33869558708638636,-1.6078655105538924,7.936625111434781,0.9611621211572674,28.66981878296558,General Taboada,Santiago del Estero,NOA,False
66028,29.0,365666.43735653773,0.5381332343663017,1.590022410444487,85.68630769885341,0.3384438048366047,-6.173093981054892,7.930725119222241,5.311331080301208,11.389844181400083,Capital,Salta,NOA,False
58112,2.0,25521.74813411417,0.037112636852848394,0.11097587128947856,5.980489703789999,0.33442077472895665,-1.6285805593020488,7.83645379419233,0.9490309099172212,28.30796554279498,Zapala,Neuquén,Patagonia,False
90056,3.0,38839.2635133255,0.05566895527927259,0.16888424280277284,9.101171844641428,0.3296278821244689,-2.024098474779821,7.7241423462386685,1.5929038476317632,22.573221726344855,Leales,Tucumán,NOA,False
78021,5.0,65408.190309912374,0.09278159213212099,0.2844135468686027,15.327046040749,0.32622072033363975,-2.641589674488629,7.644302611506847,2.482084250345614,17.83925227717908,Güer Aike,Santa Cruz,Patagonia,False
86070,1.0,13123.56550013274,0.018556318426424197,0.05706502188441576,3.0752340293511655,0.32517850363765227,-1.1837280663227947,7.6198804356170236,0.19291866973219907,42.4552564688502,Figueroa,Santiago del Estero,NOA,False
54091,6.0,80533.99237889514,0.11133791055854518,0.3501848668713194,18.871462475695402,0.31794038261355806,-2.968156987716392,7.450270156446843,2.7341178407391147,16.216101594810628,Oberá,Misiones,NEA,False
18007,2.0,27088.555567753356,0.037112636852848394,0.11778879880436627,6.347638367567298,0.3150778107049741,-1.7266457752159614,7.383191750470562,0.8941387736166149,26.670627194032974,Bella Vista,Corrientes,NEA,False
86133,1.0,13655.109388657578,0.018556318426424197,0.05937632696617045,3.199790260206926,0.31252048374424746,-1.2301256976473807,7.323266123599389,0.18540904553514434,40.802627297639255,Pellegrini,Santiago del Estero,NOA,False
54014,3.0,41633.24757753069,0.05566895527927259,0.18103328581756672,9.755883772708671,0.30750673848660104,-2.1649223581912813,7.205779454060867,1.4860049573204481,21.058345384696793,Cainguás,Misiones,NEA,False
38070,1.0,13983.282707333938,0.018556318426424197,0.06080331855713393,3.2766908370439474,0.3051859481812284,-1.2581093767986251,7.151396570674503,0.18105768519584634,39.8450314389817,Santa Bárbara,Jujuy,NOA,False
14133,2.0,28469.6900557689,0.037112636852848394,0.12379436716786711,6.671278446676359,0.299792613362796,-1.8096734062293662,7.025015010989675,0.8507619087861671,25.3767696577364,San Javier,Córdoba,Pampeana,False
10070,1.0,14235.395013784142,0.018556318426424197,0.06189957508016237,3.3357681010699496,0.2997810308454144,-1.2792818911156487,7.02474359883726,0.1778511095742313,39.13936624550195,La Paz,Catamarca,NOA,False
46042,2.0,28663.071174363453,0.037112636852848394,0.12463524366324631,6.7165932810123445,0.2977700027860782,-1.8210619219143869,6.977619348023043,0.8450220741195367,25.20556022686709,Chilecito,La Rioja,NOA,False
90070,3.0,43244.13156477449,0.05566895527927259,0.18803787081273385,10.133360858098227,0.29605182742530134,-2.242983834411408,6.937357489781849,1.4306498951630127,20.27390249844654,Monteros,Tucumán,NOA,False
22063,3.0,43702.04512285885,0.05566895527927259,0.1900290101271976,10.240663355754679,0.292949772469004,-2.2647869115438657,6.86466729775723,1.4156594300251593,20.061470910789257,General Güemes,Chaco,NEA,False
50049,8.0,118805.0319349134,0.14845054741139357,0.5165983091467005,27.839482879915693,0.2873616595002007,-3.769853318584979,6.733721518111077,2.907143006064476,13.268115805759034,Las Heras,Mendoza,Cuyo,False
38112,1.0,14931.842499579558,0.018556318426424197,0.06492792823753105,3.498966052720548,0.2857987145152411,-1.3363847989646302,6.697097160167323,0.16955581995324945,37.31383713092193,Yavi,Jujuy,NOA,False
06238,1.0,15145.013725378954,0.018556318426424197,0.06585485778767862,3.548918286178001,0.28177600028005934,-1.353477255829234,6.602833236950257,0.16716926404539392,36.78863216612559,Dolores,Buenos Aires,Pampeana,False
34042,1.0,16118.598425527412,0.018556318426424197,0.07008828293572564,3.777057567406255,0.26475635654309354,-1.4294215613271304,6.20401336146123,0.15707201901744433,34.566550042682074,Pilagás,Formosa,NEA,False
50070,6.0,96888.95383376715,0.11133791055854518,0.4213009239620245,22.7039067923135,0.26427169803354394,-3.5130516604129367,6.1926563995047665,2.2725957566521484,13.478805896619432,Maipú,Mendoza,Cuyo,False
30035,1.0,16468.451689052064,0.018556318426424197,0.07160954513685282,3.8590383874249983,0.2591319130845094,-1.4559149012176336,6.072216252513782,0.1537352051202283,33.832223551670175,Federal,Entre Ríos,Pampeana,False
66049,2.0,33975.047511722056,0.037112636852848394,0.14773323833076266,7.961344213644799,0.25121385865621,-2.1143264086766593,5.8866731512589086,0.7129034284952749,21.264687459910988,General Güemes,Salta,NOA,False
54070,2.0,34259.09635915473,0.037112636852848394,0.14896836408182662,8.027905140369638,0.24913099557475735,-2.1290654635104014,5.83786559643322,0.7069926071743624,21.08837779019053,Leandro N. Alem,Misiones,NEA,False
50126,1.0,17591.009200685497,0.018556318426424197,0.0764907467407332,4.122086341858111,0.24259559773054887,-1.5383406927782972,5.6847221702381425,0.14392470435012503,31.673244709131176,Tupungato,Mendoza,Cuyo,False
66056,6.0,105563.44810642193,0.11133791055854518,0.4590201097656292,24.73659371526976,0.24255562706259892,-3.775893494364504,5.68378554094899,2.085849120114995,12.371208270265107,General José de San Martín,Salta,NOA,False
22112,1.0,17873.50514395965,0.018556318426424197,0.07771912001970491,4.1882833778618975,0.238761303804256,-1.5585032648582935,5.594873484219462,0.14164993256986333,31.17263987149065,O'Higgins,Chaco,NEA,False
50091,1.0,18412.9726886538,0.018556318426424197,0.0800648794281212,4.314696352381452,0.23176601974506514,-1.5964030906518727,5.430953583156112,0.13749983998993764,30.25933663808768,San Carlos,Mendoza,Cuyo,False
06483,1.0,19502.806068401253,0.018556318426424197,0.08480378713312149,4.570076088603917,0.2188147375693877,-1.670705814497851,5.127467280824862,0.1298162320616529,28.568419187463288,Lobos,Buenos Aires,Pampeana,False
38014,3.0,60553.28987006895,0.05566895527927259,0.2633030491274574,14.189401317478678,0.21142541062000716,-2.974385969590459,4.95431380596693,1.0216986132761825,14.478607336702153,El Carmen,Jujuy,NOA,False
90119,2.0,40427.51060665823,0.037112636852848394,0.17579039609914454,9.4733444457829,0.21111868268342218,-2.430218905476045,4.947126276112111,0.5991199431015035,17.87072109885016,Yerba Buena,Tucumán,NOA,False
38035,3.0,61940.93442180494,0.05566895527927259,0.2693369251127454,14.514566894325847,0.20668890927587955,-3.0264340414479434,4.843323769658722,0.9988097994818296,14.154247351257261,Ledesma,Jujuy,NOA,False
50056,1.0,20667.351055141236,0.018556318426424197,0.08986756230557989,4.842962932647701,0.20648516495113642,-1.7470520963245362,4.838549446089941,0.12250146579859737,26.95867204303809,Lavalle,Mendoza,Cuyo,False
06525,1.0,21419.756614063677,0.018556318426424197,0.0931392371934319,5.019273492354046,0.19923202063472312,-1.7948554256826572,4.6685871273785855,0.11819839244889858,26.01170261328131,Marcos Paz,Buenos Aires,AMBA,False
62014,1.0,21557.61655752862,0.018556318426424197,0.09373869171596481,5.051578096573343,0.19795794123787455,-1.8034924364708471,4.638731732385171,0.11744251929116019,25.845358999082382,Avellaneda,Río Negro,Patagonia,False
22084,2.0,44273.7760643364,0.037112636852848394,0.19251506002629584,10.374636584817083,0.19277783695353048,-2.6025433233460635,4.517346785812219,0.5470716529622386,16.318209807145003,Libertador General San Martín,Chaco,NEA,False
86035,4.0,89494.61425400419,0.07422527370569679,0.3891482174482568,20.97119743828656,0.19073779700806717,-3.7131931835449667,4.469542701918547,1.217799956691318,11.443804480050554,Banda,Santiago del Estero,NOA,False
22105,1.0,22442.897149570636,0.018556318426424197,0.09758814530829954,5.259025150664262,0.1901493093018753,-1.8581021859309792,4.455752719158771,0.11280989176913936,24.825865189358993,9 de Julio,Chaco,NEA,False
30105,1.0,22451.622948415647,0.018556318426424197,0.09762608758107934,5.261069859744365,0.19007540797958344,-1.8586333092559362,4.454020995709655,0.11276604832737275,24.81621664384879,Victoria,Entre Ríos,Pampeana,False
18049,1.0,22953.086766637807,0.018556318426424197,0.09980659590107825,5.3785774531091075,0.18592276651551168,-1.8889312799114437,4.356712498701895,0.11030241048489042,24.274048399613303,Esquina,Corrientes,NEA,False
66126,4.0,97354.62890865158,0.07422527370569679,0.42332581257472945,22.813028039652167,0.17533840720519223,-3.947193592639115,4.108690100142258,1.1194797677765813,10.519878500090055,Orán,Salta,NOA,False
70035,1.0,24367.86966274075,0.018556318426424197,0.10595847718113093,5.710102335291145,0.1751282098430224,-1.9721439204346145,4.103764563091996,0.10389832322109648,22.864712705920773,Caucete,San Juan,Cuyo,False
78014,2.0,49823.48043931718,0.037112636852848394,0.21664676429577295,11.675094127899206,0.1713048287311647,-2.834627240862346,4.014171596133098,0.4861348031255372,14.500568013355299,Deseado,Santa Cruz,Patagonia,False
54049,1.0,25624.3497211262,0.018556318426424197,0.11142201237881577,6.004532247094381,0.16654086594070744,-2.043459270634616,3.902538058070375,0.09880370920560932,21.743550379135325,General Manuel Belgrano,Misiones,NEA,False
30077,1.0,26891.97334615881,0.018556318426424197,0.11693400299622508,6.3015734214665695,0.15869052586032859,-2.1131695668861337,3.718581701416262,0.09414633749035095,20.718611160362236,Nogoyá,Entre Ríos,Pampeana,False
34056,2.0,54836.69942327618,0.037112636852848394,0.23844567641520387,12.849837502015335,0.15564399158248696,-3.0303501454639488,3.6471925207647944,0.4416919345826931,13.174913413292236,Pirané,Formosa,NEA,False
06420,1.0,28767.836171459,0.018556318426424197,0.12509079187930983,6.741142774376006,0.14834280083803225,-2.2126024342264627,3.4761043341595323,0.08800734206560892,19.367613739634017,La Costa,Buenos Aires,Pampeana,False
54007,1.0,29336.22416618452,0.018556318426424197,0.12756230568838275,6.874332653546946,0.1454686658906491,-2.2419216918676086,3.4087549724708164,0.08630220385850952,18.992367113697128,Apóstoles,Misiones,NEA,False
38063,2.0,58948.06628794891,0.037112636852848394,0.25632307719512437,13.813250630045255,0.14478851166645687,-3.1825760131995793,3.3928169759299998,0.4108858759858613,12.256021482422984,San Pedro,Jujuy,NOA,False
18105,1.0,29785.62662121895,0.018556318426424197,0.12951643628888082,6.9796407516077865,0.143273849699162,-2.264852803674855,3.357324029864831,0.08500008512916014,18.705812242236732,Mercedes,Corrientes,NEA,False
14028,1.0,31815.00725795217,0.018556318426424197,0.13834076458943445,7.455183803724623,0.13413485519973342,-2.3658109977009243,3.143170742951975,0.07957819333189592,17.512626496560877,Cruz del Eje,Córdoba,Pampeana,False
66112,1.0,32047.73840434709,0.018556318426424197,0.13935274627703884,7.509719496869624,0.1331607659136727,-2.377131621241328,3.1203449909100476,0.07900029532460139,17.385449546053263,Metán,Salta,NOA,False
90014,3.0,113667.28271955717,0.05566895527927259,0.49425790391094526,26.63555844176084,0.1126313910992164,-4.591038060135386,2.639281883250149,0.5442833752100903,7.713101659492612,Cruz Alta,Tucumán,NOA,False
66007,1.0,38495.516646475546,0.018556318426424197,0.1673895329634922,9.020621931402594,0.11085710138441779,-2.672720785568616,2.597705102086362,0.0657681989744327,14.473486463647735,Anta,Salta,NOA,False
38042,1.0,39265.946650101425,0.018556318426424197,0.17073958329980338,9.201156144026404,0.10868199434363716,-2.705982311774714,2.5467360023457295,0.06447777309406724,14.189504815935734,Palpalá,Jujuy,NOA,False
54056,1.0,44210.73967494751,0.018556318426424197,0.19224095974920608,10.359865320884717,0.0965263513594211,-2.910786772143723,2.2618938460481375,0.05726619407509372,12.60246589833947,Guaraní,Misiones,NEA,False
54098,1.0,45034.690510076485,0.018556318426424197,0.19582373399130076,10.552941024791197,0.09476031351362416,-2.9435809512087343,2.2205104302343335,0.056218456699785806,12.371892263126012,San Ignacio,Misiones,NEA,False
70077,1.0,77528.80214358015,0.018556318426424197,0.3371174389270349,18.16725878377791,0.055044077474854375,-4.034498241456668,1.2898432225846095,0.03265600303923484,7.18654646646087,Rawson,San Juan,Cuyo,False
94028,0.0,50.367044676204834,0.0,0.00021901033729529554,0.011802467076843477,0.0,-0.10863927892582424,0.0,0.0,7323.994246294724,,"Tierra del Fuego, Antártida e Islas del Atlántico Sur",Patagonia,False
86161,0.0,27940.739365747766,0.0,0.12149433805599752,6.547329877837707,0.0,-2.5603308749301137,0.0,0.0,13.20251195154875,,Santiago del Estero,NOA,False
86126,0.0,9803.41940262824,0.0,0.04262807563595642,2.297226996021691,0.0,-1.5159837325322336,0.0,0.0,37.62849779868612,,Santiago del Estero,NOA,False
86119,0.0,19035.227470367205,0.0,0.08277062145652031,4.460508790291879,0.0,-2.1128662616344087,0.0,0.0,19.379224439826324,,Santiago del Estero,NOA,False
86112,0.0,1491.8299718508995,0.0,0.006486904034626707,0.34957925842603327,0.0,-0.5912714577655298,0.0,0.0,247.27211034225147,,Santiago del Estero,NOA,False
86105,0.0,12610.372843183193,0.0,0.054833513214043283,2.9549780271047927,0.0,-1.7194764419254598,0.0,0.0,29.252738995009476,,Santiago del Estero,NOA,False
70126,0.0,11172.36985760294,0.0,0.04858066433382377,2.618012000949763,0.0,-1.6184203615700403,0.0,0.0,33.01787804315846,,San Juan,Cuyo,False
78049,0.0,2237.2788550425976,0.0,0.009728329303744104,0.5242596661787697,0.0,-0.7240930001371364,0.0,0.0,164.88241712916468,,Santa Cruz,Patagonia,False
90007,0.0,24344.906259964213,0.0,0.10585862572826389,5.704721340496141,0.0,-2.38972104640306,0.0,0.0,15.152572019471634,,Tucumán,NOA,False
90049,0.0,12481.698761842248,0.0,0.054274001451206894,2.9248259382055393,0.0,-1.7106765387711187,0.0,0.0,29.55430606442125,,Tucumán,NOA,False
90091,0.0,24207.52137525495,0.0,0.10526123689727565,5.672528056394184,0.0,-2.382961460312084,0.0,0.0,15.23856737305095,,Tucumán,NOA,False
90098,0.0,9786.915239523361,0.0,0.04255631080735444,2.2933595894083307,0.0,-1.5147065637134003,0.0,0.0,37.69195261053053,,Tucumán,NOA,False
90105,0.0,71137.7448130377,0.0,0.30932729101119055,16.669647712593058,0.0,-4.08917735956829,0.0,0.0,5.185544556984409,,Tucumán,NOA,False
90112,0.0,10523.346287085757,0.0,0.04575852394410346,2.4659268553477354,0.0,-1.5706863925179029,0.0,0.0,35.054243711821265,,Tucumán,NOA,False
94007,0.0,33605.41166062124,0.0,0.1461259557723665,7.874727756572831,0.0,-2.808247071951285,0.0,0.0,10.977039922521042,,"Tierra del Fuego, Antártida e Islas del Atlántico Sur",Patagonia,False
94014,0.0,26129.208952420417,0.0,0.11361728492742781,6.122835484739086,0.0,-2.47584329008668,0.0,0.0,14.117838243136804,,"Tierra del Fuego, Antártida e Islas del Atlántico Sur",Patagonia,False
94021,0.0,1.0123422821429975,0.0,4.4019542162094e-06,0.00023722131271152461,0.0,-0.015401990882801437,0.0,0.0,364390.5346228407,,"Tierra del Fuego, Antártida e Islas del Atlántico Sur",Patagonia,False
78042,0.0,4548.971742253968,0.0,0.019780232134375825,1.0659567097215132,0.0,-1.032553921181729,0.0,0.0,81.09259989129178,,Santa Cruz,Patagonia,False
66154,0.0,6141.13297041573,0.0,0.026703405210141726,1.4390465067745375,0.0,-1.1997628448306639,0.0,0.0,60.068385945797445,,Salta,NOA,False
66161,0.0,9545.622452887485,0.0,0.041507100655601946,2.236817654330389,0.0,-1.4959099164098872,0.0,0.0,38.64472403261743,,Salta,NOA,False
70007,0.0,14588.522261850463,0.0,0.0634350735038708,3.418516111123597,0.0,-1.8495096717288104,0.0,0.0,25.28617626858955,,San Juan,Cuyo,False
70014,0.0,5990.392153454838,0.0,0.026047940960074855,1.4037235383384339,0.0,-1.1849427305501858,0.0,0.0,61.57993265910728,,San Juan,Cuyo,False
86028,0.0,14854.47191304131,0.0,0.06459149876537498,3.480835868466058,0.0,-1.8663026672241267,0.0,0.0,24.833460763255587,,Santiago del Estero,NOA,False
86056,0.0,17392.243973965513,0.0,0.07562645860101064,4.075509854008463,0.0,-2.019553007592628,0.0,0.0,21.20991092141892,,Santiago del Estero,NOA,False
86084,0.0,5609.833750214029,0.0,0.02439316401633838,1.3145476088404753,0.0,-1.1466770891724125,0.0,0.0,65.75737567932731,,Santiago del Estero,NOA,False
86098,0.0,12095.073916847354,0.0,0.0525928458810633,2.8342284645305007,0.0,-1.6839595750198366,0.0,0.0,30.499023647765036,,Santiago del Estero,NOA,False
86189,0.0,5633.283664787764,0.0,0.024495130961855155,1.320042607534374,0.0,-1.14907181364931,0.0,0.0,65.48364459564128,,Santiago del Estero,NOA,False
86182,0.0,3420.1763895946046,0.0,0.014871906610959051,0.8014470472645832,0.0,-0.895302326283987,0.0,0.0,107.85640955059573,,Santiago del Estero,NOA,False
06259,0.0,109963.51857667173,0.0,0.47815287651832594,25.767658515572585,0.0,-5.08836508840102,0.0,0.0,3.3546393402661767,,Buenos Aires,Pampeana,False
06273,0.0,101671.78770489302,0.0,0.4420980556197711,23.82466421734947,0.0,-4.891876972810363,0.0,0.0,3.628223263685572,,Buenos Aires,Pampeana,False
06231,0.0,9277.99827546222,0.0,0.04034339407438231,2.1741055066684627,0.0,-1.4747823461848677,0.0,0.0,39.75943241841311,,Buenos Aires,Pampeana,False
06217,0.0,22457.200401246886,0.0,0.09765033994358484,5.262376819559787,0.0,-2.295107965064882,0.0,0.0,16.4262659111735,,Buenos Aires,Pampeana,False
86014,0.0,9737.943697741814,0.0,0.04234336851637038,2.2818841293472,0.0,-1.510910574871793,0.0,0.0,37.88150320656886,,Santiago del Estero,NOA,False
86021,0.0,7556.515452648097,0.0,0.032857893662429465,1.770711889468324,0.0,-1.330899657875911,0.0,0.0,48.81720254831489,,Santiago del Estero,NOA,False
06042,0.0,12056.561097802749,0.0,0.05242538111231666,2.8252037881427454,0.0,-1.6812750188139929,0.0,0.0,30.59644806002116,,Buenos Aires,Pampeana,False
06084,0.0,12300.025273637078,0.0,0.05348403308627273,2.8822545430192377,0.0,-1.6981745828726846,0.0,0.0,29.99082824667356,,Buenos Aires,Pampeana,False
06133,0.0,12320.373338043957,0.0,0.05357251229877579,2.887022687781027,0.0,-1.6995794089683514,0.0,0.0,29.941296037865033,,Buenos Aires,Pampeana,False
06140,0.0,7369.218391696219,0.0,0.03204347239238684,1.7268227272257268,0.0,-1.314296860893246,0.0,0.0,50.05794723454847,,Buenos Aires,Pampeana,False
82035,0.0,10681.88754504682,0.0,0.04644790674598298,2.5030776945410227,0.0,-1.5824793401499115,0.0,0.0,34.53396638522435,,Santa Fe,Pampeana,False
74063,0.0,4114.415907773185,0.0,0.017890658892683573,0.9641276077267177,0.0,-0.9819878448194803,0.0,0.0,89.65742736762947,,San Luis,Cuyo,False
10014,0.0,2184.970939197675,0.0,0.009500879502667673,0.5120023963987609,0.0,-0.7155774212142316,0.0,0.0,168.82968042899913,,Catamarca,NOA,False
10007,0.0,3095.599078172379,0.0,0.013460551489570217,0.725389119772939,0.0,-0.8517551140402638,0.0,0.0,119.16528468188538,,Catamarca,NOA,False
06868,0.0,11948.971091702251,0.0,0.05195754894790928,2.799992312802831,0.0,-1.6737526329940426,0.0,0.0,30.87194224342556,,Buenos Aires,Pampeana,False
06812,0.0,948.5478278902948,0.0,0.004124557655953119,0.22227241207931359,0.0,-0.47146747524219307,0.0,0.0,388.8975701223762,,Buenos Aires,Pampeana,False
06777,0.0,29844.40986168052,0.0,0.12977204265617043,6.993415378741025,0.0,-2.6462242288763584,0.0,0.0,12.360369902473309,,Buenos Aires,Pampeana,False
06742,0.0,5210.329611709358,0.0,0.02265600558889325,1.2209321411854572,0.0,-1.1050831725818597,0.0,0.0,70.79934915871323,,Buenos Aires,Pampeana,False
06655,0.0,2024.5542309368777,0.0,0.008803341705684396,0.47441208451933214,0.0,-0.6888061064720514,0.0,0.0,182.20699637207932,,Buenos Aires,Pampeana,False
06637,0.0,51907.8460763731,0.0,0.22571018312753152,12.163521768742676,0.0,-3.4915667233136856,0.0,0.0,7.106593189566006,,Buenos Aires,Pampeana,False
06630,0.0,1908.3079537009592,0.0,0.00829786959489389,0.4471721924688318,0.0,-0.6687370943154499,0.0,0.0,193.30629770523925,,Buenos Aires,Pampeana,False
06567,0.0,256595.09974341508,0.0,1.1157489923103385,60.12771319560414,0.0,-7.797830293277037,0.0,0.0,1.4376266178904697,,Buenos Aires,Pampeana,False
06504,0.0,8742.680459006144,0.0,0.03801567887298565,2.0486649344651973,0.0,-1.43158794509169,0.0,0.0,42.1939183458763,,Buenos Aires,Pampeana,False
06476,0.0,10691.472770396218,0.0,0.04648958605137638,2.5053237923086735,0.0,-1.5831895176168371,0.0,0.0,34.50300565071007,,Buenos Aires,Pampeana,False
06399,0.0,7328.926788040855,0.0,0.03186827295864086,1.717381229741156,0.0,-1.310697792761461,0.0,0.0,50.333146459224416,,Buenos Aires,Pampeana,False
06378,0.0,259571.9252237334,0.0,1.1286930821751493,60.8252701984188,0.0,-7.843445550127058,0.0,0.0,1.4211396132052307,,Buenos Aires,Pampeana,False
06336,0.0,1900.8443932641076,0.0,0.008265415896266008,0.4454232626497751,0.0,-0.6674279599913282,0.0,0.0,194.06530419775365,,Buenos Aires,Pampeana,False
06308,0.0,1732.6644669711075,0.0,0.0075341214035968915,0.4060138024398365,0.0,-0.6372161284191235,0.0,0.0,212.90212412346125,,Buenos Aires,Pampeana,False
18056,0.0,6408.106277820788,0.0,0.027864281622079504,1.5016061366138644,0.0,-1.2255711586833922,0.0,0.0,57.56582825228075,,Corrientes,NEA,False
18042,0.0,11425.116844017624,0.0,0.04967968062713433,2.6772379889962687,0.0,-1.6366333411514362,0.0,0.0,32.28745495102304,,Corrientes,NEA,False
18028,0.0,13487.463445773865,0.0,0.058647354386318136,3.1605059278786847,0.0,-1.7783027213296325,0.0,0.0,27.350431524393134,,Corrientes,NEA,False
18014,0.0,1914.2730202999894,0.0,0.008323807413089123,0.4485699814913728,0.0,-0.6697815484924584,0.0,0.0,192.70393590648027,,Corrientes,NEA,False
14175,0.0,7351.721922817111,0.0,0.03196739273404428,1.7227227944376462,0.0,-1.3127351903955524,0.0,0.0,50.177080864075876,,Córdoba,Pampeana,False
14154,0.0,2725.015790393161,0.0,0.011849149205114371,0.6385506506636135,0.0,-0.7991409903448975,0.0,0.0,135.37093866093562,,Córdoba,Pampeana,False
14077,0.0,3224.1307334015546,0.0,0.014019443942876365,0.7555078340816073,0.0,-0.8692604712800914,0.0,0.0,114.41469838358748,,Córdoba,Pampeana,False
10112,0.0,15638.133399955654,0.0,0.067999083381026,3.6644706034034913,0.0,-1.9149318800894886,0.0,0.0,23.589001064055356,,Catamarca,NOA,False
10105,0.0,15921.428341585677,0.0,0.06923093093371266,3.7308548680177758,0.0,-1.932211055496546,0.0,0.0,23.169274608854256,,Catamarca,NOA,False
10098,0.0,7363.0150827398975,0.0,0.03201649862818041,1.7253691110726421,0.0,-1.313743388477023,0.0,0.0,50.10012084263236,,Catamarca,NOA,False
10091,0.0,14879.475245658276,0.0,0.06470022041750192,3.4866948782991782,0.0,-1.8678737211298526,0.0,0.0,24.791730845416232,,Catamarca,NOA,False
10077,0.0,2999.777435213265,0.0,0.01304389153900974,0.7029353150372348,0.0,-0.8384670638247144,0.0,0.0,122.97177153249969,,Catamarca,NOA,False
10063,0.0,7253.699604200063,0.0,0.03154116361536564,1.6997533072320545,0.0,-1.3039515322113036,0.0,0.0,50.855145034927936,,Catamarca,NOA,False
10056,0.0,2428.3811621276036,0.0,0.010559296873941235,0.5690405085366932,0.0,-0.7543875672084762,0.0,0.0,151.90693749584014,,Catamarca,NOA,False
10035,0.0,17990.94777564788,0.0,0.07822979422233563,4.215803610641667,0.0,-2.0540458142848155,0.0,0.0,20.504086277806415,,Catamarca,NOA,False
10028,0.0,864.7460166650992,0.0,0.003760163376710096,0.20263520437090707,0.0,-0.4501586654416011,0.0,0.0,426.58530748023935,,Catamarca,NOA,False
22161,0.0,3329.5215821097872,0.0,0.014477713541019614,0.7802039827255469,0.0,-0.8833555087160389,0.0,0.0,110.79307831897088,,Chaco,NEA,False
22154,0.0,11950.974695614099,0.0,0.05196626119162659,2.8004618156167567,0.0,-1.6738930275182446,0.0,0.0,30.866766502883827,,Chaco,NEA,False
22147,0.0,12062.277168755227,0.0,0.052450236226118836,2.8265432302255444,0.0,-1.6816737307886587,0.0,0.0,30.581949017629906,,Chaco,NEA,False
22126,0.0,6799.663943978025,0.0,0.029566886511585136,1.593359514109323,0.0,-1.2624701027118979,0.0,0.0,54.250908346447204,,Chaco,NEA,False
22119,0.0,9937.821848848207,0.0,0.04321249597010904,2.328721407829176,0.0,-1.5263446994399528,0.0,0.0,37.11959733451527,,Chaco,NEA,False
22077,0.0,8380.168944111925,0.0,0.036439374969097486,1.9637179170846637,0.0,-1.4015825856733624,0.0,0.0,44.019153775006124,,Chaco,NEA,False
22070,0.0,16922.356850534383,0.0,0.07358325479473318,3.9654016008881716,0.0,-1.9920646628806251,0.0,0.0,21.7988515825291,,Chaco,NEA,False
22043,0.0,2915.5535682393997,0.0,0.01267766204047863,0.6831992073613935,0.0,-0.8266110524484589,0.0,0.0,126.52415288467911,,Chaco,NEA,False
22042,0.0,8306.643436702447,0.0,0.03611966500237067,1.9464887469777554,0.0,-1.3954182406106888,0.0,0.0,44.4087853562466,,Chaco,NEA,False
22036,0.0,5576.951241125263,0.0,0.024250181448015315,1.3068422782335452,0.0,-1.1433106606375807,0.0,0.0,66.14509065296453,,Chaco,NEA,False
22035,0.0,13378.684926465772,0.0,0.058174354226048594,3.135015949241759,0.0,-1.7711128665650244,0.0,0.0,27.57281058930223,,Chaco,NEA,False
18175,0.0,7368.043839315042,0.0,0.032038365102196875,1.7265474953573894,0.0,-1.3141920826983626,0.0,0.0,50.065927056927855,,Corrientes,NEA,False
18161,0.0,13904.371895765853,0.0,0.06046019174536892,3.2581997331579315,0.0,-1.8055943173089117,0.0,0.0,26.530356651617392,,Corrientes,NEA,False
18147,0.0,9561.540592139641,0.0,0.04157631728463271,2.2405477384688566,0.0,-1.4971571938729362,0.0,0.0,38.5803879465459,,Corrientes,NEA,False
18126,0.0,16966.346207215804,0.0,0.07377453311781401,3.9757095897189973,0.0,-1.994654059318728,0.0,0.0,21.742332786684806,,Corrientes,NEA,False
18077,0.0,6460.148452177316,0.0,0.028090575903045895,1.513801135415143,0.0,-1.230539105578023,0.0,0.0,57.102084904421076,,Corrientes,NEA,False
34007,0.0,10200.132727466033,0.0,0.04435309880618245,2.390188494665172,0.0,-1.5463664144489682,0.0,0.0,36.16501424712681,,Formosa,NEA,False
30112,0.0,21147.691758858506,0.0,0.0919562212732457,4.95552076441521,0.0,-2.2271241250261142,0.0,0.0,17.443414137945854,,Entre Ríos,Pampeana,False
30063,0.0,7829.040754919749,0.0,0.03404291173835034,1.8345725135796997,0.0,-1.3546945294663022,0.0,0.0,47.11789821499975,,Entre Ríos,Pampeana,False
30014,0.0,66987.5536735404,0.0,0.29128107116357926,15.697136925005287,0.0,-3.967744105216152,0.0,0.0,5.506813209049931,,Entre Ríos,Pampeana,False
30007,0.0,26619.77581820766,0.0,0.11575041017693682,6.237789604435126,0.0,-2.499003449109665,0.0,0.0,13.857665366177796,,Entre Ríos,Pampeana,False
26105,0.0,1261.4437190533188,0.0,0.00548511861605052,0.29559304221896254,0.0,-0.543699601560765,0.0,0.0,292.4331381888639,,Chubut,Patagonia,False
26098,0.0,3716.8710688799,0.0,0.01616202006116691,0.8709712610962849,0.0,-0.9333338365240093,0.0,0.0,99.24690380034086,,Chubut,Patagonia,False
26091,0.0,6176.315713834424,0.0,0.026856389856206184,1.4472908493509513,0.0,-1.2031955966674621,0.0,0.0,59.726212600355865,,Chubut,Patagonia,False
26084,0.0,4645.572545658905,0.0,0.02020028009773602,1.0885930944669944,0.0,-1.0434620442308196,0.0,0.0,79.40634696494062,,Chubut,Patagonia,False
26070,0.0,1422.4724027959658,0.0,0.006185317457722006,0.3333267577966389,0.0,-0.57736243070545,0.0,0.0,259.3287185651682,,Chubut,Patagonia,False
26063,0.0,636.8081628704886,0.0,0.0027690242983137068,0.14922271943612564,0.0,-0.3862989147847882,0.0,0.0,579.2764083748349,,Chubut,Patagonia,False
26056,0.0,2434.495620200173,0.0,0.010585884289054832,0.5704733043371649,0.0,-0.7553368125376366,0.0,0.0,151.5254093499097,,Chubut,Patagonia,False
26049,0.0,1334.2125268071939,0.0,0.005801538235927125,0.3126448955341128,0.0,-0.5591627981184247,0.0,0.0,276.48364709492887,,Chubut,Patagonia,False
26042,0.0,6606.381304471319,0.0,0.02872643823148807,1.548067756294892,0.0,-1.2443924577106784,0.0,0.0,55.83812505065723,,Chubut,Patagonia,False
26028,0.0,962.5793815629256,0.0,0.004185570870494009,0.22556041421092216,0.0,-0.4749419497128998,0.0,0.0,383.2285964950088,,Chubut,Patagonia,False
26014,0.0,11449.20047176135,0.0,0.04978440313903385,2.682881485162534,0.0,-1.638358265757734,0.0,0.0,32.21953762808414,,Chubut,Patagonia,False
42042,0.0,588.6956377121054,0.0,0.002559817257662302,0.13794855201542144,0.0,-0.3714190131598785,0.0,0.0,626.6191250287366,,La Pampa,Pampeana,False
42028,0.0,4230.127791761531,0.0,0.018393807308563017,0.991242275858461,0.0,-0.9957030865653305,0.0,0.0,87.20491757479019,,La Pampa,Pampeana,False
42014,0.0,1356.8985056868235,0.0,0.005900183370225602,0.3179608818214577,0.0,-0.5638968373767375,0.0,0.0,271.8611184737601,,La Pampa,Pampeana,False
38105,0.0,1825.8105271606828,0.0,0.007939147153886435,0.42784064012294,0.0,-0.6541212500124419,0.0,0.0,202.04064985048095,,Jujuy,NOA,False
38098,0.0,3730.8141370809526,0.0,0.016222648515531766,0.8742385285020069,0.0,-0.9350830851625537,0.0,0.0,98.87599109936289,,Jujuy,NOA,False
38094,0.0,7959.971045592389,0.0,0.03461223414562537,1.8652532981077512,0.0,-1.3659791826681242,0.0,0.0,46.342875281645014,,Jujuy,NOA,False
38084,0.0,2682.599079270119,0.0,0.011664709195387072,0.6286111785394094,0.0,-0.7928962812118489,0.0,0.0,137.51139641476374,,Jujuy,NOA,False
38077,0.0,2731.7957051814988,0.0,0.011878630216640321,0.6401393823747469,0.0,-0.800134633170199,0.0,0.0,135.03496791934697,,Jujuy,NOA,False
38056,0.0,2647.2667627744686,0.0,0.01151107416274057,0.6203317866300894,0.0,-0.7876567791257467,0.0,0.0,139.3467219090457,,Jujuy,NOA,False
38049,0.0,2484.4436059168006,0.0,0.010803072437959414,0.5821775736816328,0.0,-0.763046835745849,0.0,0.0,148.47909790863127,,Jujuy,NOA,False
38028,0.0,15471.699863232598,0.0,0.0672753826904396,3.625470373187791,0.0,-1.904707605969989,0.0,0.0,23.842754750435,,Jujuy,NOA,False
38007,0.0,9174.81886128666,0.0,0.039894740427026336,2.1499275616124494,0.0,-1.4665556968453257,0.0,0.0,40.20656440073427,,Jujuy,NOA,False
34063,0.0,7586.820980138422,0.0,0.032989670776616666,1.7778133581518718,0.0,-1.3335666636776335,0.0,0.0,48.62220241878742,,Formosa,NEA,False
34035,0.0,56032.770846509,0.0,0.2436465375639073,13.130111909318966,0.0,-3.6279720379099047,0.0,0.0,6.583432156548016,,Formosa,NEA,False
34028,0.0,8971.483677767808,0.0,0.03901058080613234,2.102280199642472,0.0,-1.4502070994908705,0.0,0.0,41.11783052401166,,Formosa,NEA,False
34021,0.0,13359.871126221682,0.0,0.058092546433597125,3.1306073273065493,0.0,-1.7698663887242272,0.0,0.0,27.611639508061565,,Formosa,NEA,False
46084,0.0,5453.536481214301,0.0,0.023713538721226793,1.2779226016869119,0.0,-1.130586447042685,0.0,0.0,67.64196896492675,,La Rioja,NOA,False
46077,0.0,1229.929195977283,0.0,0.005348084442754191,0.28820827062002335,0.0,-0.536864680404741,0.0,0.0,299.9261637319544,,La Rioja,NOA,False
46070,0.0,3202.406788874337,0.0,0.013924982009505517,0.7504172804922523,0.0,-0.8663266073003639,0.0,0.0,115.19084542693578,,La Rioja,NOA,False
46063,0.0,5072.97684712579,0.0,0.02205875642541195,1.1887463837654502,0.0,-1.090416738816212,0.0,0.0,72.71626828346267,,La Rioja,NOA,False
46056,0.0,2370.4550487644633,0.0,0.010307417540789485,0.5554667312731453,0.0,-0.7453348183537942,0.0,0.0,155.6190426828244,,La Rioja,NOA,False
46049,0.0,4529.184989300903,0.0,0.019694193664854965,1.0613200965990341,0.0,-1.0303053703668958,0.0,0.0,81.4468709674702,,La Rioja,NOA,False
46021,0.0,2904.716186156252,0.0,0.012630537998941418,0.680659692762953,0.0,-0.825073132882207,0.0,0.0,126.99620953313683,,La Rioja,NOA,False
46007,0.0,9775.35316234155,0.0,0.04250603558394791,2.2906502576189527,0.0,-1.5138111957158926,0.0,0.0,37.73653384028036,,La Rioja,NOA,False
42147,0.0,3581.3111188288804,0.0,0.015572566568803611,0.8392056123928266,0.0,-0.9161529995583579,0.0,0.0,103.00360208079968,,La Pampa,Pampeana,False
42119,0.0,5756.018503935496,0.0,0.025028817198409898,1.3488029588223096,0.0,-1.161525132214122,0.0,0.0,64.08734529939021,,La Pampa,Pampeana,False
42112,0.0,4785.617850709113,0.0,0.020809237198412583,1.121409792622454,0.0,-1.059076577975384,0.0,0.0,77.08261648111608,,La Pampa,Pampeana,False
42091,0.0,363.7572787535965,0.0,0.0015817208419830382,0.08523893617446593,0.0,-0.2919593883364785,0.0,0.0,1014.1046432813031,,La Pampa,Pampeana,False
42084,0.0,375.1738978045472,0.0,0.0016313635717718255,0.08791418288278367,0.0,-0.2965056780335497,0.0,0.0,983.2452299322049,,La Pampa,Pampeana,False
42070,0.0,6166.49028198082,0.0,0.026813666064128182,1.4449884641958677,0.0,-1.202237922582677,0.0,0.0,59.821377889676675,,La Pampa,Pampeana,False
42063,0.0,878.131945387762,0.0,0.0038183692290369086,0.20577191775279902,0.0,-0.4536295572208829,0.0,0.0,420.08259390734435,,La Pampa,Pampeana,False
42049,0.0,1496.7080225136328,0.0,0.006508115196168085,0.3507223279214981,0.0,-0.5922374142353881,0.0,0.0,246.46620440496338,,La Pampa,Pampeana,False
58021,0.0,1874.29408424053,0.0,0.008149967547610062,0.4392017511407063,0.0,-0.6627499897083328,0.0,0.0,196.8143358681453,,Neuquén,Patagonia,False
58014,0.0,4564.456909733989,0.0,0.0198475660781217,1.0695853359499785,0.0,-1.0343102362194778,0.0,0.0,80.81748885058308,,Neuquén,Patagonia,False
58007,0.0,4321.96032423525,0.0,0.018793121464099567,1.0127613157003257,0.0,-1.0064550069129257,0.0,0.0,85.35199718120191,,Neuquén,Patagonia,False
54112,0.0,18592.98431823991,0.0,0.08084762155575997,4.356878325639904,0.0,-2.0881579461926254,0.0,0.0,19.840168694678596,,Misiones,NEA,False
54105,0.0,16713.415182015236,0.0,0.07267471657114671,3.9164404760190967,0.0,-1.979719376086407,0.0,0.0,22.07136850213246,,Misiones,NEA,False
54084,0.0,28811.836578975326,0.0,0.12528211825458618,6.75145335273965,0.0,-2.5999850627691705,0.0,0.0,12.803347138258438,,Misiones,NEA,False
54035,0.0,7815.264252055986,0.0,0.033983007557782684,1.831344277288909,0.0,-1.3535016936512518,0.0,0.0,47.20095616912109,,Misiones,NEA,False
50077,0.0,16048.7635567319,0.0,0.06978462092283205,3.760693221531419,0.0,-1.9399276893061128,0.0,0.0,22.985443340067018,,Mendoza,Cuyo,False
50042,0.0,6089.428796362435,0.0,0.026478580651309973,1.4269307112990945,0.0,-1.1947002311747945,0.0,0.0,60.578415110420785,,Mendoza,Cuyo,False
50035,0.0,21936.741245610126,0.0,0.0953872344555179,5.14041806480786,0.0,-2.2683311153863204,0.0,0.0,16.815986535156565,,Mendoza,Cuyo,False
50021,0.0,129206.07296243006,0.0,0.5618250147893051,30.276750046995655,0.0,-5.5179537402537475,0.0,0.0,2.8550356570209905,,Mendoza,Cuyo,False
46126,0.0,1484.774870305835,0.0,0.006456226432258524,0.3479260424344119,0.0,-0.5898716019422168,0.0,0.0,248.44705604116922,,La Rioja,NOA,False
46119,0.0,2764.8910014554694,0.0,0.012022538044595023,0.6478945752232258,0.0,-0.8049673769544373,0.0,0.0,133.41862128279445,,La Rioja,NOA,False
46105,0.0,1817.6071445109583,0.0,0.007903476496363672,0.4259183483890383,0.0,-0.6526499930332518,0.0,0.0,202.95251728373117,,La Rioja,NOA,False
46098,0.0,1993.0708558197696,0.0,0.008666442972635448,0.46703461179532435,0.0,-0.6834289213895545,0.0,0.0,185.08521377162293,,La Rioja,NOA,False
46091,0.0,3439.160450617853,0.0,0.014954454746047473,0.8058955662644983,0.0,-0.8977839949440258,0.0,0.0,107.26104545227658,,La Rioja,NOA,False
62070,0.0,4014.394566260048,0.0,0.017455737449856314,0.9406896911727567,0.0,-0.9699762492780664,0.0,0.0,91.89130249223673,,Río Negro,Patagonia,False
62056,0.0,1660.41370947638,0.0,0.00721995441463642,0.38908334340475664,0.0,-0.6237879744537685,0.0,0.0,222.16628500840565,,Río Negro,Patagonia,False
62049,0.0,2576.3584553241258,0.0,0.011202744531101993,0.6037159027810863,0.0,-0.7770350977330056,0.0,0.0,143.18191812520305,,Río Negro,Patagonia,False
62035,0.0,2815.344420441144,0.0,0.01224192396212879,0.6597172823191205,0.0,-0.812279541965222,0.0,0.0,131.0276436279123,,Río Negro,Patagonia,False
62028,0.0,4645.610268750107,0.0,0.0202004441285419,1.088601934087123,0.0,-1.043466281651133,0.0,0.0,79.40570217282608,,Río Negro,Patagonia,False
58105,0.0,4723.8366100186295,0.0,0.020540594667386003,1.1069326466254317,0.0,-1.0522167380756087,0.0,0.0,78.09075035089724,,Neuquén,Patagonia,False
58098,0.0,2854.775377512389,0.0,0.012413381058005005,0.6689571052158897,0.0,-0.817948748834455,0.0,0.0,129.21785311628872,,Neuquén,Patagonia,False
58091,0.0,7547.722670492574,0.0,0.032819660127028985,1.7686514842455923,0.0,-1.3301248588838834,0.0,0.0,48.874072553505655,,Neuquén,Patagonia,False
58084,0.0,3353.5631735097404,0.0,0.0145822532668556,0.7858376285508483,0.0,-0.8865394735130321,0.0,0.0,109.99880614305717,,Neuquén,Patagonia,False
58077,0.0,4736.367594599515,0.0,0.020595082977695748,1.1098690216680236,0.0,-1.0536117155762827,0.0,0.0,77.88414603461221,,Neuquén,Patagonia,False
58070,0.0,4591.870715850354,0.0,0.019966769159475598,1.07600919000414,0.0,-1.0374122021555698,0.0,0.0,80.33500249431138,,Neuquén,Patagonia,False
58063,0.0,4404.012075879274,0.0,0.019149905982999826,1.0319884334238605,0.0,-1.0159655978874638,0.0,0.0,83.7617924418938,,Neuquén,Patagonia,False
58056,0.0,15545.59894187096,0.0,0.06759671705187467,3.6427870819255252,0.0,-1.909254082628238,0.0,0.0,23.72941350093757,,Neuquén,Patagonia,False
58049,0.0,8433.316510311504,0.0,0.03667047581042386,1.976171941423742,0.0,-1.4060216495187836,0.0,0.0,43.741740863200185,,Neuquén,Patagonia,False
58042,0.0,9504.603280109046,0.0,0.04132873754290529,2.227205666187166,0.0,-1.4926910339215804,0.0,0.0,38.811503704041115,,Neuquén,Patagonia,False
58028,0.0,5266.451577176747,0.0,0.022900039970217487,1.2340831539950206,0.0,-1.111020172752122,0.0,0.0,70.0448755685983,,Neuquén,Patagonia,False
66147,0.0,25865.98423110653,0.0,0.11247270844155252,6.061154257915265,0.0,-2.463326831407544,0.0,0.0,14.261508169009378,,Salta,NOA,False
66133,0.0,20734.139073047114,0.0,0.09015797573807102,4.858613312524648,0.0,-2.205220554231406,0.0,0.0,17.791331683065696,,Salta,NOA,False
66119,0.0,4677.838758200606,0.0,0.0203405828321416,1.096154008824111,0.0,-1.0470802348911334,0.0,0.0,78.85862777221746,,Salta,NOA,False
66105,0.0,4659.75627780143,0.0,0.02026195502785373,1.0919167564510375,0.0,-1.0450540871029363,0.0,0.0,79.16464368935677,,Salta,NOA,False
66098,0.0,6005.361539157001,0.0,0.026113032136911022,1.407231301858135,0.0,-1.1864227191869903,0.0,0.0,61.42643419652899,,Salta,NOA,False
66091,0.0,1351.998766626629,0.0,0.005878877901319679,0.3168127301021175,0.0,-0.5628777453681247,0.0,0.0,272.8463623763545,,Salta,NOA,False
66084,0.0,4355.861306853111,0.0,0.018940532647056814,1.0207053043498917,0.0,-1.0103953028371602,0.0,0.0,84.6877160278311,,Salta,NOA,False
66077,0.0,4204.972561741885,0.0,0.01828442516302002,0.985347672035149,0.0,-0.9927375635791292,0.0,0.0,87.72659987550165,,Salta,NOA,False
66070,0.0,5324.561892245573,0.0,0.023152720265147957,1.2477000950888233,0.0,-1.1171342974324292,0.0,0.0,69.28043149402086,,Salta,NOA,False
66063,0.0,2564.5458767809446,0.0,0.011151380056023081,0.6009478712190839,0.0,-0.7752515028517902,0.0,0.0,143.84142968595557,,Salta,NOA,False
66042,0.0,14471.401938358727,0.0,0.06292580078959979,3.3910714045515333,0.0,-1.842065853052334,0.0,0.0,25.49082300268352,,Salta,NOA,False
66035,0.0,20296.88224825832,0.0,0.08825665781685288,4.756151289750202,0.0,-2.1818232324986893,0.0,0.0,18.17461129740987,,Salta,NOA,False
66021,0.0,9177.068222038222,0.0,0.03990452129187687,2.1504546524192443,0.0,-1.4667355329515663,0.0,0.0,40.1967095030992,,Salta,NOA,False
66014,0.0,5819.489484285333,0.0,0.025304807201481257,1.3636760600878248,0.0,-1.1679131915636964,0.0,0.0,63.38836875769269,,Salta,NOA,False
62091,0.0,9613.621616173406,0.0,0.04180278049512375,2.252751840882219,0.0,-1.5012308109068948,0.0,0.0,38.37138178923097,,Río Negro,Patagonia,False
62084,0.0,3730.5104190900006,0.0,0.016221327862710685,0.8741673585214788,0.0,-0.9350450166064734,0.0,0.0,98.88404104802848,,Río Negro,Patagonia,False
74014,0.0,2896.628387829555,0.0,0.012595369935162939,0.6787644858059309,0.0,-0.8239235337538366,0.0,0.0,127.3508010075816,,San Luis,Cuyo,False
70119,0.0,4874.334621436398,0.0,0.021195003129402604,1.1421987186435063,0.0,-1.068850250979681,0.0,0.0,75.6796514931688,,San Juan,Cuyo,False
70112,0.0,2919.9928008428224,0.0,0.012696965095403892,0.6842394489913158,0.0,-0.8272401934550497,0.0,0.0,126.33179962119024,,San Juan,Cuyo,False
70105,0.0,13829.490895223424,0.0,0.060134587706235094,3.240652931489009,0.0,-1.8007228707794618,0.0,0.0,26.67400761215324,,San Juan,Cuyo,False
70098,0.0,32348.4726657919,0.0,0.14066042498756673,7.580190302579972,0.0,-2.7551529266586434,0.0,0.0,11.403566073197881,,San Juan,Cuyo,False
70091,0.0,7681.9273741720335,0.0,0.03340322061997448,1.8000995592104245,0.0,-1.3419020274801416,0.0,0.0,48.02023339242421,,San Juan,Cuyo,False
70084,0.0,51235.82614168063,0.0,0.22278804795934104,12.006047904528888,0.0,-3.4688406808020376,0.0,0.0,7.199804769251123,,San Juan,Cuyo,False
70070,0.0,28076.36278321725,0.0,0.12208406752287579,6.579110398807777,0.0,-2.5665448100945802,0.0,0.0,13.13873696032656,,San Juan,Cuyo,False
70056,0.0,16374.958104650248,0.0,0.07120300825174425,3.8371301146864973,0.0,-1.9595571472961195,0.0,0.0,22.527565753382586,,San Juan,Cuyo,False
70049,0.0,4962.993656850242,0.0,0.021580518010712185,1.1629741155972797,0.0,-1.0785291584418721,0.0,0.0,74.32770841893598,,San Juan,Cuyo,False
70042,0.0,48495.27812145144,0.0,0.2108713601698764,11.36385759955464,0.0,-3.374592028495193,0.0,0.0,7.6066775921472525,,San Juan,Cuyo,False
70021,0.0,6326.322075464347,0.0,0.02750866048411798,1.482441713489118,0.0,-1.217723131733196,0.0,0.0,58.31001662752326,,San Juan,Cuyo,False
86175,0.0,6985.921712727432,0.0,0.030376788641438484,1.6370051398871202,0.0,-1.2796493897075656,0.0,0.0,52.80447743056269,,Santiago del Estero,NOA,False
86168,0.0,7642.507108009297,0.0,0.03323181001123074,1.7908622415052247,0.0,-1.3384534266395207,0.0,0.0,48.267923104029755,,Santiago del Estero,NOA,False
74007,0.0,11692.773126624414,0.0,0.050843526810879384,2.73995765983829,0.0,-1.6557027087018472,0.0,0.0,31.548371067889505,,San Luis,Cuyo,False
70133,0.0,2683.4000867162804,0.0,0.011668192205202073,0.6287988779383398,0.0,-0.7930146631443145,0.0,0.0,137.47034862132975,,San Juan,Cuyo,False
